id,area,feature,roles,user_entry,backend,origin,feature_flag,existing_tests,verify_by,side_effects,phase,data_risk,status_signals,confidence,capability_ledger_id,rails_routes,ember_routes
SET-01,"Setup, auth, account & purchasing",Password login (web SPA) issuing a device token,anonymous; communicator; supervisor-SLP; org-admin,login@66: app/frontend/app/routes/login.js (setupController); templates/login/index.hbs renders app/frontend/app/components/login-form.hbs,"session#token app/controllers/session_controller.rb:517 (password grant, browser client_secret check :526, valid_password? :532, COPPA blocks :533-544, SAML redirect :521-524, renamed-user hint :561-571); /auth redirects to /login config/routes.rb:71",heavily modified (vs sweet-suite mirror 55aaa8a: session_controller.rb churn 115%; passwords.rb churn 20%; token.rb churn 0%; login.js churn 243% (frontend); login-form.js churn 381% (frontend); login-form.hbs churn 333% (frontend) (moved from app/frontend/app/templates/components/login-form.hbs); session.js absent; 3/3 routes are upstream actions),"auth_spa_transition (code: AVAILABLE only, off) read app/frontend/app/components/login-form.js:545",spec/controllers/session_controller_spec.rb; spec/models/concerns/passwords_spec.rb; app/frontend/tests/controllers/login-test.js; app/frontend/tests/integration/login-test.js; app/frontend/tests/integration/login-spa-transition-test.js,agent: POST /token with valid/invalid creds,writes,0,"yes: communicator usage logs or utterances; age, consent or guardian data; credentials or tokens",,"AGENT-REPORTED: static read by an inventory agent; citations bounds-checked, content not re-read by the author",auth-passwords,"POST /token session#token | GET /login boards#index | GET /auth redirect(301, /login)",login:/login
SET-02,"Setup, auth, account & purchasing",Post-login device step (trusted vs shared device / long-lived token),anonymous; communicator; supervisor-SLP; org-admin,login.device@67: app/frontend/app/templates/login/device.hbs:1 (LoginForm @deviceStep); reached via transitionTo at app/frontend/app/components/login-form.js:336,lib/json_api/token.rb:30-34 (long_token / long_token_set in token response); choice saved as preferences.device.long_token at app/frontend/app/components/login-form.js:1034,heavily modified (vs sweet-suite mirror 55aaa8a: token.rb churn 0%; login-form.js churn 381% (frontend); device.hbs absent; device.js absent),none,NONE,human: device-trust choice on a real/shared device,writes,0,no,,ASSUMED: persistence of the long_token choice goes through the user save endpoint (not opened),,,login.device:/device
SET-03,"Setup, auth, account & purchasing",Session token check / restore (incl. SAML tmp-token handoff and 2FA code verify),anonymous; communicator; supervisor-SLP; org-admin,automatic on app boot: app/frontend/app/services/session.js:237; tmp-token login app/frontend/app/components/login-form.js:193-199,"session#token_check app/controllers/session_controller.rb:581 (2FA confirm :630-660, include_token :661)",heavily modified (vs sweet-suite mirror 55aaa8a: session_controller.rb churn 115%; login-form.js churn 381% (frontend); session.js absent; 1/1 routes are upstream actions),none,spec/controllers/session_controller_spec.rb; app/frontend/tests/utils/session-test.js,agent: GET /api/v1/token_check with valid/expired tokens,none (read-only),0,no,,"AGENT-REPORTED: static read by an inventory agent; citations bounds-checked, content not re-read by the author",,GET /api/v1/token_check session#token_check,
SET-04,"Setup, auth, account & purchasing",Two-factor authentication (TOTP): enable/confirm/disable/reset and login prompt,communicator; supervisor-SLP; org-admin,"user.edit: app/frontend/app/templates/user/edit.hbs:76-118; login prompt app/frontend/app/components/login-form.hbs:218-240 (triggered by missing_2fa, login-form.js:306); also app/frontend/app/controllers/user/edit.js:129, app/frontend/app/templates/user/edit.hbs:76-80","api/users#update_2fa app/controllers/api/users_controller.rb:1217 (edit permission); User#assert_2fa!/state_2fa/valid_2fa? app/models/concerns/passwords.rb:67,86,115; token flag lib/json_api/token.rb:13-18; token_check 2fa app/controllers/session_controller.rb:630; also passwords.rb:67-130, api/users_controller.rb:1217-1236, session_controller.rb:14-15",heavily modified (vs sweet-suite mirror 55aaa8a: passwords.rb churn 20%; users_controller.rb churn 76%; device.rb churn 12%; token.rb churn 0%; session_controller.rb churn 115%; edit.hbs churn 132% (frontend); edit.js churn 19% (frontend); login-form.js churn 381% (frontend); login-form.hbs churn 333% (frontend) (moved from app/frontend/app/templates/components/login-form.hbs); 1/1 routes are upstream actions),none,spec/controllers/api/users_controller_spec.rb; spec/models/device_spec.rb; spec/lib/json_api/token_spec.rb; spec/controllers/session_controller_spec.rb,both: API enable/confirm checkable; authenticator-app QR scan needs a human,destructive,0,no,TODO or FIXME in code; commented-out code,"AGENT-REPORTED: static read by an inventory agent; citations bounds-checked, content not re-read by the author",auth-2fa-optional,POST /api/v1/users/:user_id/2fa api/users#update_2fa,
SET-05,"Setup, auth, account & purchasing",Logout (client-side session clear),communicator; supervisor-SLP; org-admin,sign-out action -> app/frontend/app/services/session.js:709 invalidate,none (client-only); no server call in services/session.js from :709 to EOF (:858),heavily modified (vs sweet-suite mirror 55aaa8a: app-state.js churn 103% (frontend) (moved from app/frontend/app/utils/app_state.js); persistence.js churn 63% (frontend); session.js absent),"auth_spa_transition (code: AVAILABLE only, off) read app/frontend/app/services/session.js:704",app/frontend/tests/services/session-spa-transition-test.js,both: check token still valid server-side after logout (agent); UI landing (human),destructive,0,no,,"AGENT-REPORTED: static read by an inventory agent; citations bounds-checked, content not re-read by the author",,,
SET-06,"Setup, auth, account & purchasing",Forgot password / forgot username (email help),anonymous; communicator; supervisor-SLP; org-admin; system,"forgot_password@74: app/frontend/app/templates/forgot_password.hbs (link to forgot_login :40); forgot_login@75: app/frontend/app/templates/forgot-login.hbs:16 + controllers/forgot-login.js; linked from components/login-form.hbs:352; also app/frontend/app/routes/user/password_reset.js:14, controllers/user/password_reset.js:55-69, app/frontend/app/controllers/forgot-login.js:11","api/users#forgot_password app/controllers/api/users_controller.rb:834 (uniform response, no enumeration); also app/controllers/api/users_controller.rb:988, controllers/user/password_reset.js:58",heavily modified (vs sweet-suite mirror 55aaa8a: users_controller.rb churn 76%; boards_controller.rb churn 60%; passwords.rb churn 20%; forgot_password.js churn 117% (frontend); forgot_password.hbs churn 170% (frontend); forgot-login.js churn 117% (frontend); forgot-login.hbs churn 161% (frontend); password_reset.js churn 26% (frontend); password_reset.js churn 53% (frontend); password_reset.hbs churn 82% (frontend); 3/3 routes are upstream actions),none,spec/controllers/api/users_controller_spec.rb; app/frontend/tests/controllers/forgot_password-test.js; app/frontend/tests/controllers/user/password_reset-test.js,both: API response (agent); email delivery (human),destructive; external-send,0,no,TODO or FIXME in code,ASSUMED: forgot_login route resolves the dasherized forgot-login template/controller via ember-resolver underscore/dash fallback,auth-passwords,GET /:id/password_reset/:key boards#index | POST /api/v1/forgot_password api/users#forgot_password | POST /api/v1/users/:user_id/password_reset api/users#password_reset,forgot_password:/forgot_password | forgot_login:/forgot_login | user.password_reset:/password_reset/:code
SET-07,"Setup, auth, account & purchasing",Confirm registration (email link) and resend,anonymous; communicator; supervisor-SLP,user.confirm_registration@153: app/frontend/app/routes/user/confirm_registration.js:14; also app/frontend/app/controllers/user/index.js:1702,api/users#confirm_registration app/controllers/api/users_controller.rb:799 (COPPA blocks :809-821),heavily modified (vs sweet-suite mirror 55aaa8a: users_controller.rb churn 76%; confirm_registration.js churn 30% (frontend); confirm_registration.hbs churn 345% (frontend); index.js churn 173% (frontend); 2/2 routes are upstream actions),none,spec/controllers/api/users_controller_spec.rb,both: email delivery (human); API (agent),destructive; external-send,0,"yes: age, consent or guardian data",,"AGENT-REPORTED: static read by an inventory agent; citations bounds-checked, content not re-read by the author",,GET /:id/confirm_registration/:key boards#index | POST /api/v1/users/:user_id/confirm_registration api/users#confirm_registration,user.confirm_registration:/confirm_registration/:code
SET-08,"Setup, auth, account & purchasing","Account registration (role, country, birth month/year, terms, product-improvement opt-in, optional start code)",anonymous; communicator; supervisor-SLP; org-admin,register@69: app/frontend/app/routes/register.js:47 saveProfile; app/frontend/app/templates/register.hbs; controllers/register.js; also app/frontend/app/templates/register.hbs:112,"api/users#create app/controllers/api/users_controller.rb:253 (birth required when COPPA on :265-272, AuditEvent user_creation :326-337, provisioning UserBoardProvisioner :285)",heavily modified (vs sweet-suite mirror 55aaa8a: users_controller.rb churn 76%; user.rb churn 156%; register.js churn 127% (frontend); register.js churn 1224% (frontend); register.hbs churn 436% (frontend); 1/1 routes are upstream actions),"compliance_workflow_kernel (code: AVAILABLE only, off) read app/frontend/app/routes/register.js:67; domain_settings.full_domain gate routes/register.js:41",spec/controllers/api/users_controller_spec.rb; app/frontend/tests/controllers/register-test.js,agent: POST /api/v1/users variants,external-send,0,"yes: account identity or contact details; age, consent or guardian data; audio or video recordings; audit or compliance records",,CONFIRMED: cited lines re-read against the code by the author,jurisdiction-primitive,POST /api/v1/users api/users#create,register:/register
SET-09,"Setup, auth, account & purchasing","COPPA under-13 parental consent (signup email, grant/decline/revoke links, login blocks, resend / submit parent email)",anonymous; communicator; supervisor-SLP,"register@69 under-13 branch (routes/register.js:71-74, coppaWaitingParent :90); login-form resend/submit app/frontend/app/components/login-form.js:1262,1341; parent uses emailed tokenized links","parental_consents#complete app/controllers/parental_consents_controller.rb:18, #decline (GET, no mutation) :55, #decline_submit (POST) :61, #revoke :77; api/users#resend_parental_consent app/controllers/api/users_controller.rb:857, #submit_parental_consent_email :896; login blocks app/controllers/session_controller.rb:533-544",LingoLinq-new (vs sweet-suite mirror 55aaa8a: users_controller.rb churn 76%; session_controller.rb churn 115%; user_mailer.rb churn 90%; login-form.js churn 381% (frontend); register.js churn 1224% (frontend); parental_consents_controller.rb absent; complete.html.erb absent; decline.html.erb absent; revoke.html.erb absent; 0/6 routes are upstream actions),"domain setting coppa_parental_consent (lib/json_api/json.rb:202), read app/frontend/app/controllers/register.js:256; not a FeatureFlags flag",spec/controllers/parental_consents_controller_spec.rb; spec/controllers/api/users_controller_spec.rb; spec/controllers/session_controller_spec.rb,both: email delivery and parent click-through (human); state transitions (agent),destructive; external-send,0,"yes: account identity or contact details; age, consent or guardian data; audit or compliance records",,"AGENT-REPORTED: static read by an inventory agent; citations bounds-checked, content not re-read by the author",coppa-under13-ai-gate,GET /parental_consent/complete parental_consents#complete | GET /parental_consent/decline parental_consents#decline | POST /parental_consent/decline parental_consents#decline_submit | GET /parental_consent/revoke parental_consents#revoke | POST /api/v1/users/resend_parental_consent api/users#resend_parental_consent | POST /api/v1/users/submit_parental_consent_email api/users#submit_parental_consent_email,
SET-10,"Setup, auth, account & purchasing",SMS recipient consent opt-in page,anonymous; supervisor-SLP,none (tokenized link in an SMS invite; no in-app issuer found),"sms_consents#show app/controllers/sms_consents_controller.rb:6 (no mutation), #submit :11 (SmsConsent.grant!)",LingoLinq-new (vs sweet-suite mirror 55aaa8a: sms_consents_controller.rb absent; show.html.erb absent; sms_consent_invite.rb absent; sms_consent.rb absent; 0/2 routes are upstream actions),"sms_recipient_consent (code: AVAILABLE only, off) read app/models/sms_consent_invite.rb:8,20 via lib/feature_flags.rb:278",spec/controllers/sms_consents_controller_spec.rb; spec/models/sms_consent_invite_spec.rb; spec/models/sms_consent_spec.rb,both: SMS delivery (human); form POST (agent),external-send,4,"yes: account identity or contact details; age, consent or guardian data; audio or video recordings",dead or orphaned route or code,"AGENT-REPORTED: static read by an inventory agent; citations bounds-checked, content not re-read by the author",,GET /sms_consent/:token sms_consents#show | POST /sms_consent/:token sms_consents#submit,
SET-11,"Setup, auth, account & purchasing",AI data-sharing and EU AI Act Art.50 disclosure documents,anonymous; communicator; supervisor-SLP; org-admin,"privacy page links app/frontend/app/templates/privacy.hbs:68,76; Art.50 gate URL app/frontend/app/utils/article50_gate.js:34",ai_consent/disclosures#show app/controllers/ai_consent/disclosures_controller.rb:18 (art50 branch + locale allowlist),LingoLinq-new (vs sweet-suite mirror 55aaa8a: disclosures_controller.rb absent; v1.html.erb absent; art50_v1.html.erb absent; ai_consent_disclosures.rb absent; article50_disclosures.rb absent; 0/1 routes are upstream actions),none,spec/controllers/ai_consent/disclosures_controller_spec.rb,agent: GET known/unknown versions and locales,external-send,6,no,,"AGENT-REPORTED: static read by an inventory agent; citations bounds-checked, content not re-read by the author",art50-1-disclosure-modal,GET /ai_consent/disclosures/:version ai_consent/disclosures#show,
SET-12,"Setup, auth, account & purchasing","Google SSO sign-in, account linking and Google signup",anonymous; communicator; supervisor-SLP,"login-form Google button (googleSsoEnabled app/frontend/app/components/login-form.js:410, link flow :228-251); register Continue with Google app/frontend/app/controllers/register.js:436-442,583,617","session#google_start app/controllers/session_controller.rb:745 (COPPA birth POST-only :770-788, EU under-16 opt-in strip :790-792), #google_callback :803, #google_link_candidates :858, #google_link_complete :880, #google_signup_candidates :923, #google_signup_complete :952",LingoLinq-new (vs sweet-suite mirror 55aaa8a: session_controller.rb churn 115%; login-form.js churn 381% (frontend); register.js churn 1224% (frontend); login.js churn 243% (frontend); google_o_auth.rb absent; google_authentication.rb absent; 0/7 routes are upstream actions),"google_sso (code: ENABLED_FRONTEND_FEATURES) read app/frontend/app/components/login-form.js:410, app/frontend/app/controllers/register.js:315; backend gated only by ENV client id/secret (session_controller.rb:1036-1037, lib/google_o_auth.rb:18)",spec/controllers/session_controller_spec.rb; spec/lib/google_o_auth_spec.rb; app/frontend/tests/integration/google-sso-test.js,human: real Google OAuth round-trip,external-send,0,"yes: account identity or contact details; age, consent or guardian data",,"AGENT-REPORTED: static read by an inventory agent; citations bounds-checked, content not re-read by the author",,GET /auth/google/start session#google_start | POST /auth/google/start session#google_start | GET /auth/google/callback session#google_callback | GET /auth/google/link session#google_link_candidates | POST /auth/google/link session#google_link_complete | GET /auth/google/signup session#google_signup_candidates | POST /auth/google/signup session#google_signup_complete,
SET-13,"Setup, auth, account & purchasing","SAML org SSO login, IdP logout and linking an account to org SSO",anonymous; communicator; supervisor-SLP; org-admin,login-form auth lookup app/frontend/app/components/login-form.js:1238; link from supervision settings app/frontend/app/components/supervision-settings.js:198-206,"session#auth_lookup app/controllers/session_controller.rb:292 (link_auth permission :305), #saml_tmp_token :316, #saml_redirect :325, #saml_start :332, #saml_consume :366, #saml_metadata :259, #saml_idp_logout_request :476, #token_wait (popout) :499",heavily modified (vs sweet-suite mirror 55aaa8a: session_controller.rb churn 115%; saml_consume.html.erb churn 0%; saml_redirect.html.erb churn 0%; organization.rb churn 22%; login-form.js churn 381% (frontend); supervision-settings.js churn 94% (frontend) (moved from app/frontend/app/controllers/supervision-settings.js); 8/8 routes are upstream actions),none (org.settings saml_metadata_url),spec/controllers/session_controller_spec.rb,human: needs a configured IdP,writes,7,yes: user data,,"AGENT-REPORTED: static read by an inventory agent; citations bounds-checked, content not re-read by the author",,POST /auth/lookup session#auth_lookup | GET /saml/init/:org_id session#saml_redirect | GET /saml/init session#saml_start | POST /saml/tmp_token session#saml_tmp_token | GET /saml/metadata session#saml_metadata | GET /saml/logout session#saml_idp_logout_request | POST /saml/consume session#saml_consume | POST /wait/token session#token_wait,
SET-14,"Setup, auth, account & purchasing",OAuth2 authorization for third-party apps (developer keys) incl. refresh and logout,anonymous; communicator; supervisor-SLP; system,server-rendered consent page app/views/session/oauth.html.erb (GET /oauth2/token),"session#oauth app/controllers/session_controller.rb:4, #oauth_login :65 (2FA :118-131), #oauth_token :169, #oauth_logout :210 (require_api_token :2), #oauth_local :216, #oauth_token_refresh :220",heavily modified (vs sweet-suite mirror 55aaa8a: session_controller.rb churn 115%; oauth.html.erb churn 18%; oauth_local.html.erb churn 0%; device.rb churn 12%; token.rb churn 0%; 6/6 routes are upstream actions),none,spec/controllers/session_controller_spec.rb,agent: full code->token exchange with a DeveloperKey,none (read-only),8,yes: credentials or tokens,,"AGENT-REPORTED: static read by an inventory agent; citations bounds-checked, content not re-read by the author",,GET /oauth2/token session#oauth | POST /oauth2/token/login session#oauth_login | POST /oauth2/token session#oauth_token | DELETE /oauth2/token session#oauth_logout | GET /oauth2/token/status session#oauth_local | POST /api/v1/token/refresh session#oauth_token_refresh,
SET-15,"Setup, auth, account & purchasing","Service status, heartbeat and health probes",anonymous; system,none (API/background only),"session#status app/controllers/session_controller.rb:1008 (minimal unless @api_user), #heartbeat :731, #health :735 (DB+Redis)",heavily modified (vs sweet-suite mirror 55aaa8a: session_controller.rb churn 115%; 3/4 routes are upstream actions),none,spec/controllers/session_controller_spec.rb,agent: GET endpoints,none (read-only),8,no,,"AGENT-REPORTED: static read by an inventory agent; citations bounds-checked, content not re-read by the author",,POST /api/v1/status session#status | GET /api/v1/status session#status | GET /api/v1/status/heartbeat session#heartbeat | GET /api/v1/health session#health,
SET-16,"Setup, auth, account & purchasing","Profile edit (name, email, cell, password change, avatar, public flag, contacts, classroom login)",anonymous; communicator; supervisor-SLP; org-admin,"user.edit@133: app/frontend/app/templates/user/edit.hbs:1 (permissions.edit), linked from app/frontend/app/templates/user.hbs:14; also app/frontend/app/controllers/user/edit.js:129",api/users#update app/controllers/api/users_controller.rb:197; also app/models/user.rb:2505,heavily modified (vs sweet-suite mirror 55aaa8a: users_controller.rb churn 76%; user.rb churn 156%; edit.hbs churn 132% (frontend); edit.js churn 19% (frontend); edit.js churn 0% (frontend); user.js churn 38% (frontend); preferences.js churn 51% (frontend); 2/2 routes are upstream actions),new_speak_menu (code: ENABLED) gates contacts block templates/user/edit.hbs:176,app/frontend/tests/controllers/user/edit-test.js; spec/controllers/api/users_controller_spec.rb,agent: PUT user fields,external-send,0,yes: account identity or contact details,,"AGENT-REPORTED: static read by an inventory agent; citations bounds-checked, content not re-read by the author",auth-passwords,PATCH /api/v1/users/:id api/users#update | PUT /api/v1/users/:id api/users#update,user.edit:/edit
SET-17,"Setup, auth, account & purchasing",My Account hub (/:user/account) and user shell route,anonymous; communicator; supervisor-SLP; org-admin; system,user.account@132: app/frontend/app/routes/user/account.js:8-9 (renders templates/user/index.hbs with user/index controller); user@128 app/frontend/app/routes/user.js; also app/frontend/app/templates/user/index.hbs:179,api/users#show app/controllers/api/users_controller.rb:6,heavily modified (vs sweet-suite mirror 55aaa8a: users_controller.rb churn 76%; user.rb churn 41%; user.js churn 616% (frontend); user.hbs churn 172% (frontend); index.hbs churn 145% (frontend); index.js churn 173% (frontend); user.js churn 38% (frontend); account.js absent; 1/1 routes are upstream actions),subscriptions (code: ENABLED) read app/frontend/app/templates/user/index.hbs:119,app/frontend/tests/controllers/user/index-test.js; spec/controllers/api/users_controller_spec.rb,agent: route renders with user fixture,none (read-only),0,yes: communicator usage logs or utterances; account identity or contact details; clinical or evaluation data,,"AGENT-REPORTED: static read by an inventory agent; citations bounds-checked, content not re-read by the author",,GET /api/v1/users/:id api/users#show,user:/:user_id | user.account:/account
SET-18,"Setup, auth, account & purchasing","Device management (list, rename, remove/hide devices)",communicator; supervisor-SLP,"My Devices link app/frontend/app/templates/user/index.hbs:274,328 -> view_devices app/frontend/app/controllers/user/index.js:1494 -> device-settings modal app/frontend/app/components/device-settings.js:51-76; also app/frontend/app/models/user.js:653","api/users#hide_device app/controllers/api/users_controller.rb:494 (delete permission), #rename_device :507 (edit permission)",heavily modified (vs sweet-suite mirror 55aaa8a: users_controller.rb churn 76%; device-settings.js churn 231% (frontend) (moved from app/frontend/app/controllers/device-settings.js); device-settings.hbs churn 198% (frontend) (moved from app/frontend/app/templates/device-settings.hbs); user.js churn 38% (frontend); 2/2 routes are upstream actions),none,spec/controllers/api/users_controller_spec.rb; app/frontend/tests/controllers/device-settings-test.js; app/frontend/tests/views/device-settings-test.js,agent: rename/hide via API; human: multi-device check,destructive,0,no,,ASSUMED: exact Ember page that renders the device list not opened,,DELETE /api/v1/users/:user_id/devices/:device_id api/users#hide_device | PUT /api/v1/users/:user_id/devices/:device_id api/users#rename_device,
SET-19,"Setup, auth, account & purchasing","Subscription view/purchase/manage (Stripe checkout, communicator plans, premium supporter, unsubscribe, premium symbols extras)",anonymous; communicator; supervisor-SLP; system,"user.subscription@135: app/frontend/app/routes/user/subscription.js:14-38; app/frontend/app/components/subscription-form.hbs (supporter card :214-258); also app/frontend/app/controllers/user/subscription.js:58, app/frontend/app/utils/subscription.js:876","api/users#subscribe app/controllers/api/users_controller.rb:640 (edit or registration_code confirmation :661-664), #unsubscribe :677; lib/purchasing.rb:251 purchase; User#process_subscription_token app/models/concerns/subscription.rb:422; premium_supporter? :882",heavily modified (vs sweet-suite mirror 55aaa8a: users_controller.rb churn 76%; purchasing.rb churn 10%; subscription.rb churn 1%; subscription.js churn 26% (frontend); subscription.js churn 22% (frontend); subscription.hbs churn 115% (frontend); subscription-form.js churn 26% (frontend); subscription-form.hbs churn 162% (frontend) (moved from app/frontend/app/templates/components/subscription-form.hbs); subscription.js churn 12% (frontend); 3/3 routes are upstream actions),"subscriptions (code: ENABLED) read app/frontend/app/templates/user/index.hbs:119, templates/user/boards.hbs:65, components/page-footer.hbs:12 (links only; route itself unguarded)",spec/controllers/api/users_controller_spec.rb; spec/lib/purchasing_spec.rb; spec/models/concerns/subscription_spec.rb; app/frontend/tests/utils/subscription-test.js,human: Stripe payment,external-send,0,yes: user data,,ASSUMED: the row text itself marks part of the claim as inferred or not verified,,POST /api/v1/users/:user_id/subscription api/users#subscribe | DELETE /api/v1/users/:user_id/subscription api/users#unsubscribe | POST /api/v1/users/:user_id/verify_receipt api/users#verify_receipt,user.subscription:/subscription
SET-20,"Setup, auth, account & purchasing",Stripe webhook subscription/extras events,system,none (API/background only),api/purchasing#event app/controllers/api/purchasing_controller.rb:2 -> Purchasing.subscription_event lib/purchasing.rb:4 (re-fetches event from Stripe :9),upstream sweet-suite (vs sweet-suite mirror 55aaa8a: purchasing_controller.rb churn 11%; purchasing.rb churn 10%; 1/1 routes are upstream actions),none,spec/controllers/api/purchasing_controller_spec.rb; spec/lib/purchasing_spec.rb,agent: stubbed Stripe events,external-send,8,yes: user data,,"AGENT-REPORTED: static read by an inventory agent; citations bounds-checked, content not re-read by the author",,POST /api/v1/purchasing_event api/purchasing#event,
SET-21,"Setup, auth, account & purchasing",In-app store purchases (iOS/Android receipt verification),communicator; supervisor-SLP,"user.subscription inside a native wrapper: app/frontend/app/utils/subscription.js:822 (window.store), :876 verify_receipt call",api/users#verify_receipt app/controllers/api/users_controller.rb:688; Purchasing.verify_receipt lib/purchasing.rb:745,heavily modified (vs sweet-suite mirror 55aaa8a: users_controller.rb churn 76%; purchasing.rb churn 10%; subscription.js churn 12% (frontend)),"app_store_purchases (code: ENABLED) read app/frontend/app/utils/subscription.js:279; app_store_monthly_purchases (code: AVAILABLE only, off) read app/frontend/app/utils/subscription.js:290",spec/controllers/api/users_controller_spec.rb; spec/lib/purchasing_spec.rb,human: native app + store sandbox,writes,0,yes: user data,,"AGENT-REPORTED: static read by an inventory agent; citations bounds-checked, content not re-read by the author",,,
SET-22,"Setup, auth, account & purchasing",Purchase premium as a gift,anonymous; communicator; supervisor-SLP,"gift_purchase@101: app/frontend/app/routes/gift_purchase.js:7-12 (full_domain only); linked from templates/user/subscription.hbs:188, templates/pricing.hbs:184",api/purchasing#purchase_gift app/controllers/api/purchasing_controller.rb:19 -> GiftPurchase.process_subscription_token app/models/gift_purchase.rb:162; Purchasing.purchase_gift lib/purchasing.rb:599,upstream sweet-suite (vs sweet-suite mirror 55aaa8a: purchasing_controller.rb churn 11%; gift_purchase.rb churn 2%; purchasing.rb churn 10%; gift_purchase.js churn 54% (frontend); gift_purchase.js churn 22% (frontend); gift_purchase.hbs churn 63% (frontend); 1/1 routes are upstream actions),none,spec/controllers/api/purchasing_controller_spec.rb; spec/models/gift_purchase_spec.rb,human: Stripe payment,writes,8,yes: account identity or contact details,,"AGENT-REPORTED: static read by an inventory agent; citations bounds-checked, content not re-read by the author",,POST /api/v1/purchase_gift api/purchasing#purchase_gift,gift_purchase:/gift
SET-23,"Setup, auth, account & purchasing",Bulk license purchase page (/purchase/:id),anonymous; org-admin,"bulk_purchase@102: app/frontend/app/routes/bulk_purchase.js:10-16; controllers/bulk_purchase.js:17-20,99","api/gifts#show app/controllers/api/gifts_controller.rb:5 (public, verifier check :12); api/purchasing#purchase_gift app/controllers/api/purchasing_controller.rb:19",upstream sweet-suite (vs sweet-suite mirror 55aaa8a: gifts_controller.rb churn 22%; purchasing_controller.rb churn 11%; bulk_purchase.js churn 41% (frontend); bulk_purchase.js churn 27% (frontend); bulk_purchase.hbs churn 99% (frontend); 1/1 routes are upstream actions),none,spec/controllers/api/gifts_controller_spec.rb; app/frontend/tests/models/gift-test.js,human: payment,writes,7,yes: user data,TODO or FIXME in code,"AGENT-REPORTED: static read by an inventory agent; citations bounds-checked, content not re-read by the author",,GET /api/v1/gifts/:id api/gifts#show,bulk_purchase:/purchase/:id
SET-24,"Setup, auth, account & purchasing",Redeem gift code,anonymous; communicator; supervisor-SLP,redeem@99: app/frontend/app/controllers/redeem.js:34-35; redeem_with_code@100: app/frontend/app/routes/redeem_with_code.js:10-21 -> user.subscription?code (templates/redeem_with_code.hbs:21),api/gifts#show app/controllers/api/gifts_controller.rb:5; api/purchasing#code_check app/controllers/api/purchasing_controller.rb:7; api/users#subscribe type gift_code app/controllers/api/users_controller.rb:651-654 -> redeem_gift_token app/models/concerns/subscription.rb:407,upstream sweet-suite (vs sweet-suite mirror 55aaa8a: gifts_controller.rb churn 22%; purchasing_controller.rb churn 11%; gift_purchase.rb churn 2%; redeem.js churn 273% (frontend); redeem_with_code.js churn 31% (frontend); redeem.hbs churn 77% (frontend); redeem_with_code.hbs churn 111% (frontend); 2/2 routes are upstream actions),none,spec/controllers/api/gifts_controller_spec.rb; spec/controllers/api/purchasing_controller_spec.rb; spec/controllers/api/users_controller_spec.rb,agent: code_check + subscribe gift_code,writes,0,no,no UI entry (API only),"AGENT-REPORTED: static read by an inventory agent; citations bounds-checked, content not re-read by the author",,GET /api/v1/gifts/code_check api/purchasing#code_check | GET /api/v1/gifts/:id api/gifts#show,redeem:/redeem | redeem_with_code:/redeem/:code
SET-25,"Setup, auth, account & purchasing","Admin gift/code management (list, create, deactivate)",system,"admin org extras: app/frontend/app/controllers/organization/extras.js:20 (list), :136 (create)","api/gifts#index app/controllers/api/gifts_controller.rb:16, #create :22, #destroy :48 (all admin_support_actions)",upstream sweet-suite (vs sweet-suite mirror 55aaa8a: gifts_controller.rb churn 22%; gift_purchase.rb churn 2%; extras.js churn 24% (frontend); 3/3 routes are upstream actions),none,spec/controllers/api/gifts_controller_spec.rb,agent: admin API calls,destructive,7,no,no UI entry (API only),"AGENT-REPORTED: static read by an inventory agent; citations bounds-checked, content not re-read by the author",,GET /api/v1/gifts api/gifts#index | POST /api/v1/gifts api/gifts#create | DELETE /api/v1/gifts/:id api/gifts#destroy,
SET-26,"Setup, auth, account & purchasing",Start code landing page and signup with a start/activation code,anonymous; communicator; supervisor-SLP,"start_codes@81: app/frontend/app/routes/start_codes.js, controllers/start_codes.js:18-25; register?code=&v= app/frontend/app/routes/register.js:30-32","api/organizations#start_code_lookup app/controllers/api/organizations_controller.rb:122; api/users#create start code app/controllers/api/users_controller.rb:256-261,279-284; Organization.parse_activation_code app/models/organization.rb:1417",heavily modified (vs sweet-suite mirror 55aaa8a: users_controller.rb churn 76%; organization.rb churn 22%; start_codes.js churn 7% (frontend); start_codes.js churn 7% (frontend); start_codes.hbs churn 238% (frontend); register.js churn 1224% (frontend); 1/1 routes are upstream actions),none,spec/controllers/api/users_controller_spec.rb; spec/models/organization_spec.rb,agent: create user with valid/disabled code,writes,0,yes: audit or compliance records; organization roster or membership,,"AGENT-REPORTED: static read by an inventory agent; citations bounds-checked, content not re-read by the author",,GET /start_codes/:code boards#index,start_codes:/start_codes/:id
SET-27,"Setup, auth, account & purchasing",Generate/delete start codes (start-codes modal) incl. 'Apply shallow clones' option,supervisor-SLP; org-admin,"app/frontend/app/components/supervision-settings.js:221 and app/frontend/app/controllers/organization/settings.js:166 open modals/start-codes; option at app/frontend/app/components/start-codes.hbs:168-172, sent at components/start-codes.js:198-199; also app/frontend/app/components/start-codes.js:142",api/users#start_code app/controllers/api/users_controller.rb:395 (supporter_role only :399); Organization.activation_code app/models/organization.rb:1284; shallow flag stored :1410,heavily modified (vs sweet-suite mirror 55aaa8a: users_controller.rb churn 76%; organization.rb churn 22%; start-codes.js churn 180% (frontend); start-codes.js absent; start-codes.hbs absent; 1/1 routes are upstream actions),"shallow_clones (code: AVAILABLE only, off) is NOT read by the start-codes UI; only read app/models/user.rb:2334,2348 (starred-board refs)",spec/controllers/api/users_controller_spec.rb; spec/models/organization_spec.rb,agent: POST start_code with overrides,destructive,4,no,flag never read; commented-out code,"AGENT-REPORTED: static read by an inventory agent; citations bounds-checked, content not re-read by the author",,POST /api/v1/users/:user_id/start_code api/users#start_code,
SET-28,"Setup, auth, account & purchasing","Setup wizard (/setup) - retired, redirects home",anonymous; communicator; supervisor-SLP,setup@124: app/frontend/app/routes/setup.js:42-51 (beforeModel return_to_index),boards#index shell app/controllers/boards_controller.rb:5,upstream sweet-suite (vs sweet-suite mirror 55aaa8a: setup.js churn 352% (frontend); setup.js churn 83% (frontend); setup.hbs churn 336% (frontend); 1/1 routes are upstream actions),none,app/frontend/tests/unit/routes/setup-retired-test.js,agent: visiting /setup lands on home,none (read-only),1,no,,"AGENT-REPORTED: static read by an inventory agent; citations bounds-checked, content not re-read by the author",,GET /setup boards#index,setup:/setup
SET-29,"Setup, auth, account & purchasing","Standalone home-board picker (/board-picker), self or supervisee",communicator; supervisor-SLP,board-picker@127: app/frontend/app/routes/board-picker.js:9-25; app/frontend/app/templates/board-picker.hbs,none of its own; assign flow app/frontend/app/controllers/board-picker.js:211 and create board :235-239 (check_for_needing_purchase),heavily modified (vs sweet-suite mirror 55aaa8a: board-picker.js churn 191% (frontend) (moved from app/frontend/app/components/board-picker.js); board-picker.js churn 389% (frontend) (moved from app/frontend/app/components/board-picker.js); board-picker.hbs churn 231% (frontend) (moved from app/frontend/app/templates/components/board-picker.hbs); recommended_home_board.js absent),none,NONE,human: board selection UX,writes,1,no,,ASSUMED: backend endpoints for the actual home-board assignment not traced,,,board-picker:/board-picker
SET-30,"Setup, auth, account & purchasing",Beta program welcome and beta agreement acceptance,communicator; supervisor-SLP,beta-welcome-message@70 and beta-welcome@71: app/frontend/app/routes/beta-welcome-message.js:47 acceptAgreement; redirected to after register (app/frontend/app/routes/register.js:112-115),PUT /api/v1/users/self preferences.beta_agreement_accepted app/frontend/app/services/beta-welcome-mode.js:50-52,LingoLinq-new (vs sweet-suite mirror 55aaa8a: beta-welcome.js absent; beta-welcome-message.js absent; beta-welcome.hbs absent; beta-welcome-message.hbs absent; beta-welcome-mode.js absent),preferences.beta_program_access gate app/frontend/app/routes/beta-welcome.js (beforeModel),NONE,human: agreement copy and flow,writes,0,no,,CONFIRMED: cited lines re-read against the code by the author,,,beta-welcome-message:/beta-welcome-message | beta-welcome:/beta-welcome
SET-31,"Setup, auth, account & purchasing",Intro modal deep link (/intro),communicator; supervisor-SLP,"intro@72: app/frontend/app/routes/intro.js (sets show_intro, returns to index); consumed app/frontend/app/routes/index.js:275-276",none (client-only),heavily modified (vs sweet-suite mirror 55aaa8a: intro.js churn 78% (frontend); index.js churn 146% (frontend); intro.js absent),none,NONE,human: modal content,writes,1,no,no UI entry (API only),"AGENT-REPORTED: static read by an inventory agent; citations bounds-checked, content not re-read by the author",,,intro:/intro
SET-32,"Setup, auth, account & purchasing","Landing page / app entry (logged-out landing, logged-in dashboard, login fallback)",anonymous; communicator; supervisor-SLP; org-admin,index@36: app/frontend/app/templates/index.hbs:1-41 (LandingAltPage vs Dashboard::AuthenticatedView vs LoginForm); landing-alt@49: templates/landing-alt.hbs,"boards#index app/controllers/boards_controller.rb:5 (meta, image Accept redirect :16-18)",heavily modified (vs sweet-suite mirror 55aaa8a: boards_controller.rb churn 60%; index.html.erb churn 704%; index.js churn 146% (frontend); index.hbs churn 203% (frontend); landing-alt-page.hbs absent; landing-alt.js absent; 1/1 routes are upstream actions),none (domain_settings.full_domain selects landing),spec/controllers/boards_controller_spec.rb; app/frontend/tests/controllers/index-test.js,human: visual landing,writes,0,no,,"AGENT-REPORTED: static read by an inventory agent; citations bounds-checked, content not re-read by the author",,GET / boards#index,index:/ | landing-alt:/landing-alt
SET-33,"Setup, auth, account & purchasing",Auto-jump to Speak Mode on launch (premium communicators),anonymous; communicator,toggle 'Start app in Speak Mode on launch' app/frontend/app/templates/user/preferences.hbs:24-28; applied on index entry app/frontend/app/routes/index.js:170; also app/frontend/app/templates/user/preferences.hbs:24-33,"User preference cleanup removes auto_open_speak_mode for non-communicators app/models/user.rb:2070-2071; also app/controllers/api/users_controller.rb:197, app/models/user.rb:2437, app/models/user.rb:1965",heavily modified (vs sweet-suite mirror 55aaa8a: user.rb churn 156%; index.js churn 146% (frontend); preferences.hbs churn 62% (frontend); authenticated-view.js absent),premium: currently_premium app/frontend/app/routes/index.js:170; suppressed for really_expired :181-183,spec/models/user_spec.rb,human: app relaunch behaviour,destructive,1,no,,"AGENT-REPORTED: static read by an inventory agent; citations bounds-checked, content not re-read by the author",,,index:/
SET-34,"Setup, auth, account & purchasing","Speak Mode 15-minute session limit (limited paid supervisors, modeling-only, expired communicators or supervisees)",communicator; supervisor-SLP,"speak mode; observer app/frontend/app/services/app-state.js:3644-3682; also app/frontend/app/services/app-state.js:3644-3683, app-state.js:1804-1811","limited_supervisor computed lib/json_api/user.rb:285-291 (premium_supporter, account >2 months, not org supervisor, no premium supervisees); frontend limited_paid_supervisor/any_limited_supervisor app/frontend/app/models/user.js:431-435",upstream sweet-suite (vs sweet-suite mirror 55aaa8a: user.rb churn 41%; subscription.rb churn 1%; app-state.js churn 103% (frontend) (moved from app/frontend/app/utils/app_state.js); user.js churn 38% (frontend); premium-required.js churn 447% (frontend) (moved from app/frontend/app/controllers/premium-required.js)),"premium: currentUser.expired / referenced_speak_mode_user.expired / any_limited_supervisor app/frontend/app/services/app-state.js:3657,3663,3669",app/frontend/tests/utils/app_state-test.js; spec/lib/json_api/user_spec.rb,human: 15-minute live session,destructive,1,no,suspected bug (not security),"ASSUMED: runtime TypeError inferred from code (modal promise assumed to resolve on close); board-detail re-entering speak on next board load (routes/user/board-detail.js:609-612) may reset speak_mode_started, not verified",,,
SET-35,"Setup, auth, account & purchasing",Purchase-needed gate (check_for_needing_purchase) on edit boards and other actions,communicator; supervisor-SLP,"edit board app/frontend/app/routes/user/board-detail/edit.js:55; toggleEditMode app/frontend/app/controllers/board/index.js:1728; also routes/user/account.js:39, routes/user/boards.js:64",none (client-only) app/frontend/app/services/app-state.js:3043-3070 (really_expired or modeling_only -> premium-required modal; modeling_only rejected),heavily modified (vs sweet-suite mirror 55aaa8a: app-state.js churn 103% (frontend) (moved from app/frontend/app/utils/app_state.js); index.js churn 92% (frontend); edit.js absent),premium: really_expired / modeling_only app/frontend/app/services/app-state.js:3050,app/frontend/tests/controllers/application-test.js; app/frontend/tests/controllers/premium-required-test.js,agent: unit-test with expired/modeling-only user,destructive,2,no,dead or orphaned route or code,"AGENT-REPORTED: static read by an inventory agent; citations bounds-checked, content not re-read by the author",,,
SET-36,"Setup, auth, account & purchasing",Terms of service and privacy policy pages,anonymous; communicator; supervisor-SLP; org-admin,"terms@51, privacy@52 (app/frontend/app/routes/terms.js, routes/privacy.js); privacy-practices@53 replaceWith privacy app/frontend/app/routes/privacy-practices.js","boards#terms app/controllers/boards_controller.rb:36, #privacy :46 (both render :index); /privacy_practices 301 config/routes.rb:41",heavily modified (vs sweet-suite mirror 55aaa8a: boards_controller.rb churn 60%; terms.hbs churn 266% (frontend); privacy.hbs churn 343% (frontend); privacy-practices.js churn 225% (frontend) (moved from app/frontend/app/controllers/privacy_practices.js); 3/3 routes are upstream actions),none,NONE,human: legal copy review,none (read-only),0,no,,"AGENT-REPORTED: static read by an inventory agent; citations bounds-checked, content not re-read by the author",,"GET /privacy boards#privacy | GET /privacy_practices redirect(301, /privacy) | GET /terms boards#terms",terms:/terms | privacy:/privacy | privacy-practices:/privacy_practices
SET-37,"Setup, auth, account & purchasing",Jobs page,anonymous; communicator; supervisor-SLP,direct URL /jobs; Ember jobs@54 app/frontend/app/routes/jobs.js (no in-app links),boards#jobs implicit render of app/views/boards/jobs.html.erb (no def jobs in app/controllers/boards_controller.rb),upstream sweet-suite (vs sweet-suite mirror 55aaa8a: jobs.html.erb churn 0%; _jobs.html.erb churn 17%; jobs.hbs churn 17% (frontend); jobs.js churn 47% (frontend); 1/1 routes are upstream actions),none,NONE,human: content,none (read-only),8,no,,"AGENT-REPORTED: static read by an inventory agent; citations bounds-checked, content not re-read by the author",,GET /jobs boards#jobs,jobs:/jobs
SET-38,"Setup, auth, account & purchasing","Static marketing pages (about, features, partners, compare, ambassadors)",anonymous; communicator; supervisor-SLP,"about@48 routes/about.js; features@56 linked from app/frontend/app/components/landing-alt-page.hbs:331; partners@76, compare@77, ambassadors@78 templates only",boards#about app/controllers/boards_controller.rb:22 (render :index),heavily modified (vs sweet-suite mirror 55aaa8a: boards_controller.rb churn 60%; about.hbs churn 293% (frontend); partners.hbs churn 104% (frontend); compare.hbs churn 133% (frontend); ambassadors.hbs churn 105% (frontend); features.hbs absent; 1/1 routes are upstream actions),none,spec/controllers/boards_controller_spec.rb,human: marketing copy,none (read-only),8,no,dead or orphaned route or code; no UI entry (API only),"AGENT-REPORTED: static read by an inventory agent; citations bounds-checked, content not re-read by the author",,GET /about boards#about,about:/about | features:/features | partners:/partners | compare:/compare | ambassadors:/ambassadors
SET-39,"Setup, auth, account & purchasing",Pricing page,anonymous; communicator; supervisor-SLP,pricing@55: app/frontend/app/routes/pricing.js (no_linky -> limited :11-13; sale via token_check :22),session#token_check app/controllers/session_controller.rb:581 (sale),upstream sweet-suite (vs sweet-suite mirror 55aaa8a: pricing.js churn 69% (frontend); pricing.js churn 106% (frontend); pricing.hbs churn 1075% (frontend)),none,NONE,human: pricing copy,none (read-only),8,no,commented-out code,"AGENT-REPORTED: static read by an inventory agent; citations bounds-checked, content not re-read by the author",,,pricing:/pricing
SET-40,"Setup, auth, account & purchasing","Help center, FAQ and contact forms",anonymous; communicator; supervisor-SLP; org-admin; system,"support@103, faq@116 linked from app/frontend/app/components/landing-alt-page.hbs:339-340; contact@57 routes/contact.js; also app/frontend/app/controllers/contact.js:77, app/frontend/app/components/support.js:129, app/frontend/app/components/beta-feedback-form.js:894","api/messages#create app/controllers/api/messages_controller.rb:2 (called from controllers/contact.js:77, controllers/support.js:116)",heavily modified (vs sweet-suite mirror 55aaa8a: messages_controller.rb churn 153%; contact_message.rb churn 114%; support.hbs churn 195% (frontend); support.js churn 182% (frontend); contact.hbs churn 188% (frontend); contact.js churn 46% (frontend); support.js churn 209% (frontend) (moved from app/frontend/app/controllers/support.js); faq.hbs absent; beta-feedback-form.js absent; 1/1 routes are upstream actions),none,spec/controllers/api/messages_controller_spec.rb; spec/models/contact_message_spec.rb,both: POST message (agent); email receipt (human),writes,8,yes: account identity or contact details; location,,"AGENT-REPORTED: static read by an inventory agent; citations bounds-checked, content not re-read by the author",,POST /api/v1/messages api/messages#create,support:/support | faq:/faq | contact:/contact
SET-41,"Setup, auth, account & purchasing","Download / install page (store links, Windows, PWA add-to-home-screen guidance)",anonymous; communicator; supervisor-SLP,"download@50: app/frontend/app/templates/download.hbs; linked from components/add-app.hbs:37, templates/user/preferences.hbs:1742",none (client-only); home-screen meta app/views/layouts/application.html.erb:49-77,upstream sweet-suite (vs sweet-suite mirror 55aaa8a: application.html.erb churn 42%; download.hbs churn 262% (frontend); download.js churn 125% (frontend)),none (domain_settings store URLs),NONE,human: install on devices,writes,0,no,,"AGENT-REPORTED: static read by an inventory agent; citations bounds-checked, content not re-read by the author",,,download:/download
SET-42,"Setup, auth, account & purchasing",Limited (no external links) mode,anonymous; communicator; supervisor-SLP,"limited@79: app/frontend/app/routes/limited.js (sets no_linky, redirects to contact/privacy/terms/index); pricing redirect routes/pricing.js:11-13",none (client-only),upstream sweet-suite (vs sweet-suite mirror 55aaa8a: limited.js churn 89% (frontend); limited.js churn 0% (frontend)),none,NONE,human: link suppression in app-store builds,external-send,8,no,,"AGENT-REPORTED: static read by an inventory agent; citations bounds-checked, content not re-read by the author",,,limited:/limited
SET-43,"Setup, auth, account & purchasing",Extras tab (tools and resources grid) on user dashboard,communicator; supervisor-SLP,"user.extras@130: app/frontend/app/routes/user/extras.js (HomeRoute, templateName user/extras); templates/user/extras.hbs:4",none (client-only),heavily modified (vs sweet-suite mirror 55aaa8a: extras.hbs churn 102% (frontend) (moved from app/frontend/app/templates/organization/extras.hbs); extras.js absent; authenticated-view.js absent),none,NONE,human: grid contents,none (read-only),8,no,,"AGENT-REPORTED: static read by an inventory agent; citations bounds-checked, content not re-read by the author",,,user.extras:/extras
SET-44,"Setup, auth, account & purchasing",Goal status quick-update links from email,anonymous; supervisor-SLP,"emailed links app/views/user_mailer/log_summary.html.erb:124, log_message.text.erb:9",boards#log_goal_status app/controllers/boards_controller.rb:68 -> UserGoal.process_status_from_code app/models/user_goal.rb:259 (creates LogSession),heavily modified (vs sweet-suite mirror 55aaa8a: boards_controller.rb churn 60%; log_goal_status.html.erb churn 74%; user_goal.rb churn 8%; log_message.text.erb churn 88%; log_summary.html.erb churn 11%; 1/1 routes are upstream actions),none,spec/controllers/boards_controller_spec.rb,both: email click (human); GET with code (agent),external-send,5,yes: communicator usage logs or utterances,,ASSUMED: summary- links fail (find_by_global_id on 'summary-...' not traced),,GET /goal_status/:goal_id/:goal_code boards#log_goal_status,
SET-45,"Setup, auth, account & purchasing",Video embed player page for video buttons,anonymous; communicator; supervisor-SLP,"app/frontend/app/components/inline-video.js:55,65",boards#video app/controllers/boards_controller.rb:129; app/views/boards/video.html.erb:4 (youtube only),heavily modified (vs sweet-suite mirror 55aaa8a: boards_controller.rb churn 60%; video.html.erb churn 0%; inline-video.js churn 185% (frontend) (moved from app/frontend/app/controllers/inline-video.js); 1/1 routes are upstream actions),none,NONE,human: video playback,none (read-only),3,no,,"AGENT-REPORTED: static read by an inventory agent; citations bounds-checked, content not re-read by the author",,GET /videos/:source/:id boards#video,
SET-46,"Setup, auth, account & purchasing","Board/user deep-link pages (SEO meta, embed header, old-path redirect) and board icon redirect",anonymous; communicator; supervisor-SLP,direct URL /:user or /:user/:board,"boards#user app/controllers/boards_controller.rb:116, #board :82 (embed drops XFO :92-94), #icon :142 (host allowlist :134-147)",heavily modified (vs sweet-suite mirror 55aaa8a: boards_controller.rb churn 60%; routes.rb churn 56%; 4/4 routes are upstream actions),none,spec/controllers/boards_controller_spec.rb,agent: GET paths,writes,8,no,,"AGENT-REPORTED: static read by an inventory agent; citations bounds-checked, content not re-read by the author",,GET /:id boards#user | GET /:id boards#board | GET /:id/icon boards#icon | GET /:id/history boards#board,
SET-47,"Setup, auth, account & purchasing",Ember SPA shell served for deep links owned by other areas,anonymous; communicator; supervisor-SLP; org-admin; system,any deep link; routed client-side by app/frontend/app/router.js,boards#index app/controllers/boards_controller.rb:5 via ember_handler config/routes.rb:25,heavily modified (vs sweet-suite mirror 55aaa8a: routes.rb churn 56%; boards_controller.rb churn 60%; index.html.erb churn 704%; 17/17 routes are upstream actions),none,spec/controllers/boards_controller_spec.rb,agent: GET each path returns shell 200,writes,8,no,,"AGENT-REPORTED: static read by an inventory agent; citations bounds-checked, content not re-read by the author",,GET /inflections/:word_id/:locale boards#index | GET /profile boards#index | GET /profile/:user_id/:profile_id boards#index | GET /search/:query boards#index | GET /search/:locale/:query boards#index | GET /database boards#index | GET /system-settings boards#index | GET /system-settings/*path boards#index | GET /beta-feedback/admin boards#index | GET /beta-feedback/admin/:feedback_id boards#index | GET /:id/logs/:log_id boards#index | GET /:id/goals/:goal_id boards#index | GET /:id/board-detail/:boardname boards#index | GET /:id/board-detail/:boardname/edit boards#index | GET /organizations/:org_id boards#index | GET /organizations/:org_id/:path boards#index | GET /organizations/:org_id/rooms/:room_id boards#index,
BRD-01,Boards & content,Authenticated dashboard home (/:user/home and /bento),communicator; supervisor-SLP; org-admin,"user.home app/frontend/app/routes/user/home.js:10-13 (reuses the index template/controller); bento app/frontend/app/routes/bento.js:17-21, templates/bento.hbs:4","none directly (the user record is loaded via users#show, which another slice owns)",heavily modified (vs sweet-suite mirror 55aaa8a: index.hbs churn 203% (frontend); home.js absent; bento.js absent; bento.hbs absent; authenticated-view.js absent),"emergency_boards (code: ENABLED_FRONTEND_FEATURES, lib/feature_flags.rb:123) read at components/dashboard/authenticated-view.js:1201 (Extras cards); lessons + currently_premium_or_fully_purchased at :1200",NONE,both: route redirects are agent-checkable; dashboard layout needs visual review,writes,1,no,,"AGENT-REPORTED: static read by an inventory agent; citations bounds-checked, content not re-read by the author",,,user.home:/home | bento:/bento
BRD-02,Boards & content,Modern-dashboard routes (empty stubs),system,"/modern-dashboard, router.js:38-44 (no in-app link found)",none (client-only),heavily modified (vs sweet-suite mirror 55aaa8a: router.js churn 76% (frontend); extras.hbs churn 100% (frontend) (moved from app/frontend/app/templates/organization/extras.hbs); index.hbs absent; boards.hbs absent; boards-new.hbs absent),none,NONE,agent: check that the routes render nothing,none (read-only),8,no,stub; dead or orphaned route or code,"AGENT-REPORTED: static read by an inventory agent; citations bounds-checked, content not re-read by the author",,,modern-dashboard:/modern-dashboard | modern-dashboard.index:/ | modern-dashboard.boards:/boards | modern-dashboard.boards-new:/boards/new | modern-dashboard.extras:/extras
BRD-03,Boards & content,"My Boards page (owned, starred, shared, tag folders, layout toggle)",anonymous; communicator; supervisor-SLP,"user.boards app/frontend/app/routes/user/boards.js:21-58, templates/user/boards.hbs:202 (BoardsBrowser)","api/boards#index app/controllers/api/boards_controller.rb:13 (user_id path: exists? + allowed?(user,'view_detailed') :76-77, allowed?(user,'model') :129/:146)",heavily modified (vs sweet-suite mirror 55aaa8a: boards_controller.rb churn 94%; index.js churn 173% (frontend); boards.js absent; boards.hbs absent; boards_page_list_cache.js absent; boards-layout-toggle.js absent; 1/1 routes are upstream actions),"boards_side_by_side_layout (code: ENABLED_FRONTEND_FEATURES, marked TEMPORARY, lib/feature_flags.rb:141) read at templates/user/boards.hbs:18",spec/controllers/api/boards_controller_spec.rb; app/frontend/tests/unit/utils/boards-page-list-cache-test.js; app/frontend/tests/unit/components/boards-layout-toggle-test.js,both: API filters are agent-checkable; folder/list UI is visual,writes,2,no,TODO or FIXME in code; TEMPORARY forced-on flag,"AGENT-REPORTED: static read by an inventory agent; citations bounds-checked, content not re-read by the author",,GET /api/v1/boards api/boards#index,user.boards:/boards
BRD-04,Boards & content,Open/view a board (modern board-detail view with one-shot /tree and bulk prefetch),anonymous; communicator; supervisor-SLP,"user.board-detail app/frontend/app/routes/user/board-detail.js:146 (model), :307 (GET /tree?root_only=1); catch-all board route redirects /user/slug to it at routes/board.js:24-30","api/boards#show boards_controller.rb:352 (allowed?(board,'view') :383); #tree :419 (view check :430, descendants filtered by allows? :446, MAX_TREE 500); #bulk :486 (MAX_BULK 200, silent permission drop :503)",heavily modified (vs sweet-suite mirror 55aaa8a: boards_controller.rb churn 94%; board.js churn 100% (frontend); board-detail.js absent; board-detail.js absent; board-detail.hbs absent; board_detail_cache.js absent; board_view.js absent; 1/3 routes are upstream actions),"background_board_prefetch (code: ENABLED, lib/feature_flags.rb:131); server kill-switch Setting tree_lite_serialization (boards_controller.rb:470-472)",spec/controllers/api/boards_controller_spec.rb; app/frontend/tests/unit/utils/board-detail-cache-test.js; app/frontend/tests/acceptance/board-detail-empty-state-test.js,both: API permission filtering is agent-checkable; speak-mode paint and folder navigation need a device,none (read-only),1,no,,"AGENT-REPORTED: static read by an inventory agent; citations bounds-checked, content not re-read by the author",,GET /api/v1/boards/:id api/boards#show | GET /api/v1/boards/:board_id/tree api/boards#tree | POST /api/v1/boards/bulk api/boards#bulk,user.board-detail:board-detail/:boardname | board:/*key
BRD-05,Boards & content,Classic board view (board-alt) and hidden canvas render mode,communicator; supervisor-SLP,user.board-alt app/frontend/app/routes/user/board-alt.js:13-14 (reuses the board template/controller); selected by preference board_view_style=classic at utils/board_view.js:12-14; View Style toggle at components/board-actions.hbs:171-173,api/boards#show boards_controller.rb:352,heavily modified (vs sweet-suite mirror 55aaa8a: index.hbs churn 141% (frontend); index.js churn 92% (frontend); board-alt.js absent; index.js absent; index.hbs absent; board_view.js absent),"canvas_render (code: AVAILABLE only, off, lib/feature_flags.rb:13) is never read; the preference preferences.device.canvas_render is read at templates/board/index.hbs:160, templates/user/board-alt/index.hbs:150 and services/app-state.js:5100; fast_render (code: ENABLED, :119) is never read",app/frontend/tests/controllers/board/index-test.js; app/frontend/tests/controllers/board-test.js,human: rendering mode and grid need a device,none (read-only),3,no,flag never read,"AGENT-REPORTED: static read by an inventory agent; citations bounds-checked, content not re-read by the author",,,user.board-alt:board/:boardname | user.board-alt.index:/
BRD-06,Boards & content,"Emergency / Basic Access boards (offline, no login)",anonymous; communicator; supervisor-SLP,"offline_boards templates/offline_boards.hbs:23 (links to demo.speak with an obf/emergency-* board); entry links at components/login-form.hbs:257, components/app-navbar.hbs:47, templates/application.hbs:1330",none (client-only): boards come from utils/obf-emergency.js and are resolved by routes/board.js:76 (obf/ keys),upstream sweet-suite (vs sweet-suite mirror 55aaa8a: offline_boards.hbs churn 246% (frontend); offline_boards.js churn 33% (frontend); obf-emergency.js churn 4% (frontend); board.js churn 100% (frontend); emergency.hbs churn 40% (frontend)),"emergency_boards (code: ENABLED_FRONTEND_FEATURES, lib/feature_flags.rb:123) read at components/login-form.hbs:257, components/app-navbar.hbs:47, templates/application.hbs:1330",NONE,"human: offline use on a device, locale lists, speaking",none (read-only),0,no,stub,"AGENT-REPORTED: static read by an inventory agent; citations bounds-checked, content not re-read by the author",,,offline_boards:/offline-boards | emergency:/search/emergency | board:/*key
BRD-07,Boards & content,"Board search (public by locale, plus private search of own boards)",anonymous; communicator; supervisor-SLP; system,"search app/frontend/app/routes/search.js:9-62; old_search redirects at routes/old_search.js:16; controllers/search.js:171,191",api/boards#index boards_controller.rb:13,heavily modified (vs sweet-suite mirror 55aaa8a: boards_controller.rb churn 94%; board.rb churn 50%; search.js churn 232% (frontend); old_search.js churn 29% (frontend); search.js churn 339% (frontend); search.hbs churn 245% (frontend); 1/1 routes are upstream actions),none,app/frontend/tests/controllers/search-test.js; spec/controllers/api/boards_controller_spec.rb,agent: query/locale/sort results via API,none (read-only),1,no,,"AGENT-REPORTED: static read by an inventory agent; citations bounds-checked, content not re-read by the author",,GET /api/v1/boards api/boards#index,search:/search/:l/:q | old_search:/search/:q
BRD-08,Boards & content,Find a home board (starter board finder),anonymous; communicator; supervisor-SLP,home-boards templates/home-boards.hbs:23 (BoardPicker) / :26 (BoardSelectionTool),"api/boards#index boards_controller.rb:13 (public/category/home_popularity queries from components/board-selection-tool.js:143,152 and components/board-picker.js:281)",upstream sweet-suite (vs sweet-suite mirror 55aaa8a: home-boards.js churn 33% (frontend); home-boards.hbs churn 390% (frontend); home-boards.js churn 89% (frontend); board-picker.js churn 873% (frontend); board-selection-tool.js churn 78% (frontend); 1/1 routes are upstream actions),none,app/frontend/tests/unit/components/board-picker-category-order-test.js; app/frontend/tests/unit/components/board-picker-category-race-test.js,both: queries are agent-checkable; picking and setting the home board is visual,writes,1,no,commented-out code,"AGENT-REPORTED: static read by an inventory agent; citations bounds-checked, content not re-read by the author",,GET /api/v1/boards api/boards#index,home-boards:/search/home
BRD-09,Boards & content,Create a new board (grid builder with symbol and part-of-speech lookup),communicator; supervisor-SLP,create-board-new templates/create-board-new.hbs:2 (CreateBoardNew); /create-board redirects there at routes/create-board.js:11-14; save at components/create-board-new.js:1734,"api/boards#create boards_controller.rb:647 (for_user_id requires allowed?(user,'edit') or supervise-copy :692-694; english_first rewrite :697-706); search#batch_parts_of_speech search_controller.rb:126; search#symbols :4",heavily modified (vs sweet-suite mirror 55aaa8a: boards_controller.rb churn 94%; search_controller.rb churn 91%; new-board.js churn 191% (frontend) (moved from app/frontend/app/controllers/new-board.js); create-board-new.js absent; create-board-new.hbs absent; create-board-new.js absent; create-board.js absent; 1/2 routes are upstream actions),"english_first_board_generation (code: ENABLED, lib/feature_flags.rb:132) read at boards_controller.rb:697 and components/create-board-new.js:108",app/frontend/tests/components/create-board-new-test.js; spec/controllers/api/boards_controller_spec.rb,both: POST/validation is agent-checkable; the grid builder UX is visual,writes,2,no,,"AGENT-REPORTED: static read by an inventory agent; citations bounds-checked, content not re-read by the author",,POST /api/v1/boards api/boards#create | GET /api/v1/search/batch_parts_of_speech api/search#batch_parts_of_speech,create-board-new:/create-board-new | create-board:/create-board
BRD-10,Boards & content,"Copy a board set (Make a Copy, copy for a supervisee, copy-first before editing a non-owned board)",communicator; supervisor-SLP,board-detail Make a Copy templates/user/board-detail.hbs:1175-1182; non-owner edit forces copy via confirm-needs-copying at controllers/user/board-detail.js:7446-7451; controllers/application.js:365 copy_board; also app/frontend/app/utils/edit_manager.js:2799-2804,api/boards#create boards_controller.rb:647 with parent_board_id (supervise_copy :692-693; copyable_if_authorized :708-712); also app/controllers/api/users_controller.rb:696,heavily modified (vs sweet-suite mirror 55aaa8a: boards_controller.rb churn 94%; users_controller.rb churn 76%; application.js churn 104% (frontend); copy-board.js churn 181% (frontend) (moved from app/frontend/app/controllers/copy-board.js); copying-board.js churn 82% (frontend); board.js churn 71% (frontend); edit_manager.js churn 59% (frontend); board-detail.js absent; 3/3 routes are upstream actions),"edit_before_copying (code: ENABLED, lib/feature_flags.rb:118) is never read; shallow_clones (code: AVAILABLE only, :21)",app/frontend/tests/controllers/copy-board-test.js; app/frontend/tests/unit/controllers/copying-board-test.js; app/frontend/tests/unit/components/copy-board-hierarchy-test.js; spec/controllers/api/boards_controller_spec.rb; spec/controllers/api/users_controller_spec.rb,both: copy API is agent-checkable; sub-board relinking needs spot checks,writes,1,no,dead or orphaned route or code; flag never read,"AGENT-REPORTED: static read by an inventory agent; citations bounds-checked, content not re-read by the author",,POST /api/v1/boards api/boards#create | POST /api/v1/users/:user_id/replace_board api/users#replace_board | POST /api/v1/users/:user_id/copy_board_links api/users#copy_board_links,
BRD-11,Boards & content,"Board edit mode (button editor, button-settings modal, undo/redo, save)",communicator; supervisor-SLP,user.board-detail.edit app/frontend/app/routes/user/board-detail/edit.js:21-64; button-settings opened at controllers/user/board-detail.js:6470,"api/boards#update boards_controller.rb:773 (allowed?(board,'edit') :799; single-button process_button :805-807; board.process :813)",heavily modified (vs sweet-suite mirror 55aaa8a: boards_controller.rb churn 94%; button-settings.js churn 62% (frontend) (moved from app/frontend/app/controllers/button-settings.js); edit_manager.js churn 59% (frontend); edit.js absent; board-detail.js absent; board-detail.hbs absent; 2/2 routes are upstream actions),"premium: check_for_needing_purchase at routes/user/board-detail/edit.js:55 (services/app-state.js:3043 blocks modeling_only, only reminds expired users); customize_menu / edit_sidebar (ENABLED, TEMPORARY)",spec/controllers/api/boards_controller_spec.rb; app/frontend/tests/utils/edit_manager-test.js; app/frontend/tests/controllers/button-settings-test.js; app/frontend/tests/unit/controllers/user-board-detail-cancel-edit-clean-test.js; app/frontend/tests/unit/controllers/user-board-detail-edit-baseline-rebuild-test.js,both: update API is agent-checkable; the editor needs a human,writes,2,no,TEMPORARY forced-on flag,"AGENT-REPORTED: static read by an inventory agent; citations bounds-checked, content not re-read by the author",,PATCH /api/v1/boards/:id api/boards#update | PUT /api/v1/boards/:id api/boards#update,user.board-detail.edit:/edit
BRD-12,Boards & content,"Board levels (reveal/lock buttons by level, speak-mode level switch)",communicator; supervisor-SLP,"board-detail edit right panel 'Button Levels' templates/user/board-detail.hbs:2314 (ungated), actions :2398-2457; legacy dropdown templates/application.hbs:416,872; button-settings levels tab components/button-settings.hbs:32",api/boards#update boards_controller.rb:773 (levels saved with board/button data),heavily modified (vs sweet-suite mirror 55aaa8a: paint-level.js churn 371% (frontend) (moved from app/frontend/app/controllers/modals/paint-level.js); edit_manager.js churn 59% (frontend); button-settings.hbs churn 4041% (frontend) (moved from app/frontend/app/templates/button-settings.hbs); board-detail.hbs absent; board-detail.js absent; 1/1 routes are upstream actions),"board_levels (code: ENABLED, lib/feature_flags.rb:121) read at templates/application.hbs:416,872 and components/button-settings.hbs:32; the board-detail panel ignores the flag (board-detail.hbs:2306-2313 comment)",NONE,human: level preview and speak-mode behavior are visual,writes,2,no,,"AGENT-REPORTED: static read by an inventory agent; citations bounds-checked, content not re-read by the author",,PATCH /api/v1/boards/:id api/boards#update,
BRD-13,Boards & content,"Symbol search and libraries (OpenSymbols, PCS, SymbolStix, LessonPix, GIPHY ASL, skin tones)",communicator; supervisor-SLP,"button-settings image search components/button-settings.js:634-670 (image_libraries), skin options components/button-settings.hbs:401; services/content-grabbers.js:1044-1101",api/search#symbols search_controller.rb:4 (premium_repo:pcs/symbolstix requires subscription_hash['extras_enabled'] :15-40); #protected_symbols :55 (LessonPix/GIPHY via Uploader.find_images; lessonpix credentials lib/uploader.rb:677-681),heavily modified (vs sweet-suite mirror 55aaa8a: search_controller.rb churn 91%; uploader.rb churn 116%; user_integration.rb churn 5%; content-grabbers.js churn 51% (frontend) (moved from app/frontend/app/utils/content_grabbers.js); button-settings.js churn 62% (frontend) (moved from app/frontend/app/controllers/button-settings.js); button-settings.hbs churn 4041% (frontend) (moved from app/frontend/app/templates/button-settings.hbs); 2/2 routes are upstream actions),"premium: extras_enabled (search_controller.rb:16,29; components/button-settings.js:225). skin_tones (code: ENABLED, lib/feature_flags.rb:125) read at components/button-settings.hbs:401 and templates/user/preferences.hbs:149. premium_symbols (:121) and lessonpix (:119) are never read",spec/controllers/api/search_controller_spec.rb; spec/lib/uploader_spec.rb; app/frontend/tests/utils/content_grabbers-test.js,both: gating is agent-checkable; premium library results need licensed accounts,writes,2,no,flag never read,"AGENT-REPORTED: static read by an inventory agent; citations bounds-checked, content not re-read by the author",,GET /api/v1/search/symbols api/search#symbols | GET /api/v1/search/protected_symbols api/search#protected_symbols,
BRD-14,Boards & content,Button image save/upload/webcam photo,anonymous; communicator; supervisor-SLP,"button-settings Take photo / Upload image components/button-settings.hbs:274-281; image records created at services/content-grabbers.js:857,1344","api/images#create images_controller.rb:5; #show :21 (allowed?(image,'view') :25); #update :41; RemoteUploader#upload_success app/controllers/concerns/remote_uploader.rb:4",heavily modified (vs sweet-suite mirror 55aaa8a: images_controller.rb churn 20%; remote_uploader.rb churn 69%; button_image.rb churn 66%; content-grabbers.js churn 51% (frontend) (moved from app/frontend/app/utils/content_grabbers.js); button-settings.js churn 62% (frontend) (moved from app/frontend/app/controllers/button-settings.js); 4/5 routes are upstream actions),none,spec/controllers/api/images_controller_spec.rb; spec/models/button_image_spec.rb; app/frontend/tests/models/image-test.js,both: upload/confirm is agent-checkable; camera capture needs a device,writes,2,yes: user data,,"AGENT-REPORTED: static read by an inventory agent; citations bounds-checked, content not re-read by the author",aws-s3-baa,POST /api/v1/images api/images#create | GET /api/v1/images/:id api/images#show | PATCH /api/v1/images/:id api/images#update | PUT /api/v1/images/:id api/images#update | GET /api/v1/images/:image_id/upload_success api/images#upload_success,
BRD-15,Boards & content,Swap images across a board set to another symbol library,communicator; supervisor-SLP,swap-images modal components/swap-images.js:137; opened from components/board-actions.js:127,"api/boards#swap_images boards_controller.rb:1016 (allowed?(board,'edit') :1019; Progress Board#swap_images app/models/board.rb:2893, LessonPix premium check :2904)",heavily modified (vs sweet-suite mirror 55aaa8a: boards_controller.rb churn 94%; board.rb churn 50%; swap-images.js churn 178% (frontend) (moved from app/frontend/app/controllers/swap-images.js); board-actions.js churn 482% (frontend) (moved from app/frontend/app/controllers/modals/board-actions.js); 1/1 routes are upstream actions),premium: extras_enabled or LessonPix credentials for protected libraries (board.rb:2904),spec/controllers/api/boards_controller_spec.rb; spec/models/board_spec.rb,both: job result is agent-checkable; image quality is visual,writes,2,no,,"AGENT-REPORTED: static read by an inventory agent; citations bounds-checked, content not re-read by the author",,POST /api/v1/boards/:board_id/swap_images api/boards#swap_images,
BRD-16,Boards & content,"Button sounds (record, upload, zip import, sound library)",anonymous; communicator; supervisor-SLP,button-settings record sound components/button-settings.hbs:1397; sound saved at services/content-grabbers.js:2720; zip import :2481,"api/sounds#create sounds_controller.rb:14 (supervise check :30); #index :5 (allowed?(user,'supervise')); #import :40; #show :54; #update :61 / #destroy :74 ('edit'); RemoteUploader#upload_success remote_uploader.rb:4",heavily modified (vs sweet-suite mirror 55aaa8a: sounds_controller.rb churn 35%; remote_uploader.rb churn 69%; button_sound.rb churn 15%; content-grabbers.js churn 51% (frontend) (moved from app/frontend/app/utils/content_grabbers.js); button-settings.hbs churn 4041% (frontend) (moved from app/frontend/app/templates/button-settings.hbs); 7/8 routes are upstream actions),"audio_recordings (code: ENABLED, lib/feature_flags.rb:120) is never read",spec/controllers/api/sounds_controller_spec.rb; spec/models/button_sound_spec.rb; app/frontend/tests/models/sound-test.js; app/frontend/tests/utils/sound_grabber-test.js,human: microphone recording and playback,destructive,2,yes: audio or video recordings,flag never read,"AGENT-REPORTED: static read by an inventory agent; citations bounds-checked, content not re-read by the author",message-banking-own-voice,GET /api/v1/sounds/:sound_id/upload_success api/sounds#upload_success | POST /api/v1/sounds/imports api/sounds#import | GET /api/v1/sounds api/sounds#index | POST /api/v1/sounds api/sounds#create | GET /api/v1/sounds/:id api/sounds#show | PATCH /api/v1/sounds/:id api/sounds#update | PUT /api/v1/sounds/:id api/sounds#update | DELETE /api/v1/sounds/:id api/sounds#destroy,
BRD-17,Boards & content,"User video upload/record (goals, notes, messages)",anonymous; communicator; supervisor-SLP,"VideoRecorder in components/record-note.hbs:77, components/new-goal.hbs:205, components/message-unit.hbs:75; record at components/video-recorder.js:68; save at services/content-grabbers.js:2335; also app/frontend/app/components/record-note.hbs:77, app/frontend/app/templates/user/goal.hbs:126, app/frontend/app/components/new-goal.hbs:205, app/frontend/app/components/message-unit.hbs:75","api/videos#create videos_controller.rb:5; #show :16 ('view'); #update :23 ('edit'); RemoteUploader#upload_success remote_uploader.rb:4; also app/controllers/api/videos_controller.rb:6-8, app/frontend/app/templates/user/log.hbs:373-375",heavily modified (vs sweet-suite mirror 55aaa8a: videos_controller.rb churn 26%; remote_uploader.rb churn 69%; user_video.rb churn 4%; video-recorder.js churn 120% (frontend); content-grabbers.js churn 51% (frontend) (moved from app/frontend/app/utils/content_grabbers.js); record-note.js churn 137% (frontend) (moved from app/frontend/app/controllers/record-note.js); 4/5 routes are upstream actions),"premium: user.currently_premium components/video-recorder.js:37-39; video_recording (code: ENABLED, lib/feature_flags.rb:118) is never read as a flag",spec/controllers/api/videos_controller_spec.rb; spec/models/user_video_spec.rb; app/frontend/tests/models/video-test.js; app/frontend/tests/utils/video_grabber-test.js,human: camera recording on a device,writes,4,yes: communicator usage logs or utterances; audio or video recordings,flag never read,"AGENT-REPORTED: static read by an inventory agent; citations bounds-checked, content not re-read by the author",aws-s3-baa,GET /api/v1/videos/:video_id/upload_success api/videos#upload_success | POST /api/v1/videos api/videos#create | GET /api/v1/videos/:id api/videos#show | PATCH /api/v1/videos/:id api/videos#update | PUT /api/v1/videos/:id api/videos#update,
BRD-18,Boards & content,Import boards from OBF/OBZ file (optionally for multiple users),communicator; supervisor-SLP,Import Board(s) components/create-board-new.hbs:212-220; upload at services/content-grabbers.js:3041; recipient picker :3110-3111,api/boards#import boards_controller.rb:965 (remote upload then Progress Board.import app/models/board.rb:670; recipient edit_permission_for? check :686-691),heavily modified (vs sweet-suite mirror 55aaa8a: boards_controller.rb churn 94%; board.rb churn 50%; obf.rb churn 47%; content-grabbers.js churn 51% (frontend) (moved from app/frontend/app/utils/content_grabbers.js); import-board-recipients.js absent; create-board-new.hbs absent; 1/1 routes are upstream actions),"multi_user_board_import (code: ENABLED, lib/feature_flags.rb:127) read at services/content-grabbers.js:3110",spec/controllers/api/boards_controller_spec.rb; spec/models/board_spec.rb; spec/lib/converters/obf_spec.rb; spec/lib/converters/obz_spec.rb; app/frontend/tests/controllers/importing-boards-test.js,agent: import sample OBF/OBZ via API and check the boards,writes,2,no,,"AGENT-REPORTED: static read by an inventory agent; citations bounds-checked, content not re-read by the author",,POST /api/v1/boards/imports api/boards#import,
BRD-19,Boards & content,Import board from pasted HTML / other-platform JSON bundle,communicator; supervisor-SLP,"components/create-board-new.hbs:223-229 (Paste HTML, Import Board from Another Platform); components/import-from-html.js:76; components/import-from-json-bundle.js:192","api/boards#from_html boards_controller.rb:515 (Converters::HtmlBoard :526); #from_json_bundle :537 (flag check :538, URL validation :546-549, Board.import_json_bundle board.rb:745)",LingoLinq-new (vs sweet-suite mirror 55aaa8a: boards_controller.rb churn 94%; board.rb churn 50%; html_board.rb absent; import-from-html.js absent; import-from-json-bundle.js absent; 0/2 routes are upstream actions),"paste_html_import (code: AVAILABLE only, off, lib/feature_flags.rb:27) read at boards_controller.rb:538 and components/create-board-new.js:373-374",spec/controllers/api/boards_controller_spec.rb (from_json_bundle only),agent: POST fixtures and inspect the created boards,writes,2,no,,"AGENT-REPORTED: static read by an inventory agent; citations bounds-checked, content not re-read by the author",,POST /api/v1/boards/from_html api/boards#from_html | POST /api/v1/boards/from_json_bundle api/boards#from_json_bundle,
BRD-20,Boards & content,"Download/export board (OBF, OBZ, PDF) and simple.obf link",anonymous; communicator; supervisor-SLP,download-board modal components/download-board.js:114; opened from components/board-actions.js:139 and the board-detail Download tile templates/user/board-detail.hbs:431,"api/boards#download boards_controller.rb:948 (auth exempt :5, allowed?(board,'view') :951, Board#generate_download board.rb:809 types obz/obf/pdf :818); #simple_obf :910 (auth exempt, link built at lib/converters/lingo_linq.rb:52); also api/boards_controller.rb:952, lib/converters/lingo_linq.rb:33",heavily modified (vs sweet-suite mirror 55aaa8a: boards_controller.rb churn 94%; board.rb churn 50%; utils.rb churn 42%; obf.rb churn 47%; obz.rb churn 62%; pdf.rb churn 26%; download-board.js churn 183% (frontend) (moved from app/frontend/app/controllers/download-board.js); lingo_linq.rb absent; converters.rb absent; 2/2 routes are upstream actions),none,spec/controllers/api/boards_controller_spec.rb; spec/models/board_spec.rb; spec/lib/converters/pdf_spec.rb; app/frontend/tests/controllers/download-board-test.js; spec/lib/converters/lingo_linq_spec.rb; spec/lib/converters/obz_spec.rb,both: file generation is agent-checkable; PDF layout is visual,writes,2,no,,"AGENT-REPORTED: static read by an inventory agent; citations bounds-checked, content not re-read by the author",,GET /api/v1/boards/:board_id/simple.obf api/boards#simple_obf | POST /api/v1/boards/:board_id/download api/boards#download,
BRD-21,Boards & content,Board edit history and rollback / restore deleted board,communicator; supervisor-SLP; system,"board.history controllers/board/history.js:20 (boardversion query), :70 (rollback); linked from components/board-details.hbs:138 and templates/board.hbs:11","api/boards#history boards_controller.rb:824 (edit or admin_support_actions :829-831); #rollback :728 (6-month limit :736, restores DeletedBoard :744)",heavily modified (vs sweet-suite mirror 55aaa8a: boards_controller.rb churn 94%; secure_serialize.rb churn 0%; history.js churn 58% (frontend); history.hbs churn 79% (frontend); history.js churn 0% (frontend); 2/2 routes are upstream actions),none,spec/controllers/api/boards_controller_spec.rb; app/frontend/tests/models/boardversion-test.js,both: API is agent-checkable; confirm the page is reachable in the browser,destructive,2,no,,"ASSUMED: redirect-of-history-link inferred from reading routes/board.js beforeModel, not run",,GET /api/v1/boardversions api/boards#history | POST /api/v1/boards/:board_id/rollback api/boards#rollback,board.history:/history
BRD-22,Boards & content,Rename board,communicator; supervisor-SLP,components/rename-board.js:88 (opened from components/board-details.js:102); inline rename controllers/user/board-detail.js:6445,"api/boards#rename boards_controller.rb:842 (allowed?(board,'edit') :845)",heavily modified (vs sweet-suite mirror 55aaa8a: boards_controller.rb churn 94%; renaming.rb churn 0%; rename-board.js churn 275% (frontend) (moved from app/frontend/app/controllers/rename-board.js); board-detail.js absent; 1/1 routes are upstream actions),none,spec/controllers/api/boards_controller_spec.rb,"agent: rename via API, check key collision",writes,2,no,,"AGENT-REPORTED: static read by an inventory agent; citations bounds-checked, content not re-read by the author",,POST /api/v1/boards/:board_id/rename api/boards#rename,
BRD-23,Boards & content,Board privacy (public/private/unlisted across the set),communicator; supervisor-SLP,components/board-privacy.js:101 (opened from components/board-actions.js:107 and components/board-details.js:120),"api/boards#update_privacy boards_controller.rb:1027 (allowed?(board,'edit') :1030; Progress Board#update_privacy board.rb:2784)",heavily modified (vs sweet-suite mirror 55aaa8a: boards_controller.rb churn 94%; board.rb churn 50%; board-privacy.js churn 282% (frontend) (moved from app/frontend/app/controllers/modals/board-privacy.js); board-privacy.js churn 35% (frontend); 1/1 routes are upstream actions),none,spec/controllers/api/boards_controller_spec.rb; spec/models/board_spec.rb,agent: check the public flag on the set after the job,writes,2,no,,"AGENT-REPORTED: static read by an inventory agent; citations bounds-checked, content not re-read by the author",,POST /api/v1/boards/:board_id/privacy api/boards#update_privacy,
BRD-24,Boards & content,Translate a board set / trim board languages,communicator; supervisor-SLP,"translation-select components/translation-select.js:289 (Translate Boards templates/user/board-detail.hbs:1386); slice-locales components/slice-locales.js:108; also app/frontend/app/components/button-set.js:341, app/frontend/app/components/create-board-new.js:1242",api/boards#translate boards_controller.rb:985 ('edit' :988; Progress translate_set board.rb:2594); #slice_locales :881 ('edit' :884; relinking.rb:116); also app/controllers/api/users_controller.rb:1155,heavily modified (vs sweet-suite mirror 55aaa8a: boards_controller.rb churn 94%; board.rb churn 50%; relinking.rb churn 72%; users_controller.rb churn 76%; word_data.rb churn 26%; translation-select.js churn 344% (frontend) (moved from app/frontend/app/controllers/translation-select.js); slice-locales.js churn 245% (frontend) (moved from app/frontend/app/controllers/modals/slice-locales.js); button-set.js churn 276% (frontend) (moved from app/frontend/app/controllers/button-set.js); create-board-new.js absent; 3/3 routes are upstream actions),"translation (code: ENABLED, lib/feature_flags.rb:119) is never read",spec/controllers/api/boards_controller_spec.rb; spec/models/board_spec.rb; spec/models/concerns/relinking_spec.rb; spec/controllers/api/users_controller_spec.rb,both: job is agent-checkable; translation quality is human,destructive,2,yes: communicator usage logs or utterances; organization roster or membership; board content,flag never read,ASSUMED: translate_set egress to Google inferred from the settings.hbs:61 text; board.rb:2594 body not read,,POST /api/v1/boards/:board_id/slice_locales api/boards#slice_locales | POST /api/v1/boards/:board_id/translate api/boards#translate | POST /api/v1/users/:user_id/translate api/users#translate,
BRD-25,Boards & content,"Star, tag into folders, and remove/unlink boards from a user's list",communicator; supervisor-SLP,"star models/board.js:975; tag models/user.js:1001 via components/tag-board.js; remove components/confirm-remove-board.js:86; also app/frontend/app/components/available-boards-section.js:599, app/frontend/app/models/user.js:1025","api/boards#star/#unstar boards_controller.rb:877/899 (view :1061); #tag :889 (view :892, UserExtra#tag_board); #unlink :855 (allowed?(user,'edit') :860, delete needs 'delete' :862); also app/controllers/api/users_controller.rb:537",heavily modified (vs sweet-suite mirror 55aaa8a: boards_controller.rb churn 94%; users_controller.rb churn 76%; user_extra.rb churn 27%; board.js churn 71% (frontend); user.js churn 38% (frontend); tag-board.js churn 591% (frontend) (moved from app/frontend/app/controllers/modals/tag-board.js); confirm-remove-board.js churn 258% (frontend) (moved from app/frontend/app/controllers/confirm-remove-board.js); available-boards-section.js absent; 4/7 routes are upstream actions),none,spec/controllers/api/boards_controller_spec.rb; app/frontend/tests/unit/components/confirm-remove-board-action-lock-test.js; spec/controllers/api/users_controller_spec.rb,agent: API round-trips,destructive,2,no,,"AGENT-REPORTED: static read by an inventory agent; citations bounds-checked, content not re-read by the author",,POST /api/v1/boards/unlink api/boards#unlink | POST /api/v1/boards/:board_id/stars api/boards#star | DELETE /api/v1/boards/:board_id/stars api/boards#unstar | POST /api/v1/boards/:board_id/tag api/boards#tag | POST /api/v1/users/:user_id/board_tags/ensure api/users#ensure_board_tag | POST /api/v1/users/:user_id/board_tags/rename api/users#rename_board_tag | POST /api/v1/users/:user_id/board_tags/delete api/users#delete_board_tag,
BRD-26,Boards & content,Delete board (and undelete by re-saving the key),communicator; supervisor-SLP,components/confirm-delete-board.js (opened from components/board-actions.js:177 and components/board-details.js:108),"api/boards#destroy boards_controller.rb:922 ('delete' :935, shallow-clone sub path 'edit' :926); undelete path in #update :775-796 (supervise :783)",heavily modified (vs sweet-suite mirror 55aaa8a: boards_controller.rb churn 94%; confirm-delete-board.js churn 274% (frontend) (moved from app/frontend/app/controllers/confirm-delete-board.js); 1/1 routes are upstream actions),none,spec/controllers/api/boards_controller_spec.rb; app/frontend/tests/controllers/confirm-delete-board-test.js,agent: delete and restore via API,destructive,2,no,TODO or FIXME in code,"AGENT-REPORTED: static read by an inventory agent; citations bounds-checked, content not re-read by the author",,DELETE /api/v1/boards/:id api/boards#destroy,
BRD-27,Boards & content,Board sharing responses and viewing copies of a board,communicator; supervisor-SLP,approve share components/approve-board-share.js:60; copies components/board-copies.js:56,api/boards#share_response boards_controller.rb:753 ('view' :756; sharing.rb:143); #copies :765 ('view' :768; find_copies_by board.rb:650),heavily modified (vs sweet-suite mirror 55aaa8a: boards_controller.rb churn 94%; sharing.rb churn 1%; approve-board-share.js churn 174% (frontend) (moved from app/frontend/app/controllers/approve-board-share.js); board-copies.js churn 390% (frontend) (moved from app/frontend/app/controllers/board-copies.js); share-board.js churn 182% (frontend) (moved from app/frontend/app/controllers/share-board.js); 2/2 routes are upstream actions),none,spec/controllers/api/boards_controller_spec.rb; app/frontend/tests/controllers/share-board-test.js,agent: share/approve/copies via API with two users,none (read-only),4,no,,"AGENT-REPORTED: static read by an inventory agent; citations bounds-checked, content not re-read by the author",,POST /api/v1/boards/:board_id/share_response api/boards#share_response | GET /api/v1/boards/:board_id/copies api/boards#copies,
BRD-28,Boards & content,"Board popularity stats (uses, stars, forks)",communicator; supervisor-SLP,"components/board-stats.js:61 (opened from components/board-details.js:99); also app/frontend/app/components/board-details.js:99, app/frontend/app/components/board-stats.js:57-66",api/boards#stats boards_controller.rb:903 ('view' :906; Stats.board_use lib/stats.rb:157); also app/controllers/api/boards_controller.rb:903,heavily modified (vs sweet-suite mirror 55aaa8a: boards_controller.rb churn 94%; stats.rb churn 6%; board-stats.js churn 268% (frontend) (moved from app/frontend/app/controllers/board-stats.js); board-stats.hbs churn 107% (frontend) (moved from app/frontend/app/templates/board-stats.hbs); 1/1 routes are upstream actions),none,spec/controllers/api/boards_controller_spec.rb; spec/lib/stats_spec.rb; app/frontend/tests/controllers/board/stats-test.js,agent: GET stats,writes,2,no,TODO or FIXME in code; dead or orphaned route or code,CONFIRMED: cited lines re-read against the code by the author,,GET /api/v1/boards/:board_id/stats api/boards#stats,board.stats:/stats
BRD-29,Boards & content,Find-a-button across a board set (button sets),anonymous; communicator; supervisor-SLP,Find a Button menu templates/user/board-detail.hbs:1089; components/find-button.js:551 (find_sequence vs find_buttons); set generation models/buttonset.js:154,"api/button_sets#show button_sets_controller.rb:15 (auth exempt, 'view' :31); #index :7 ('model' :10); #generate :48 ('view' :54, Progress BoardDownstreamButtonSet.generate_for :92)",upstream sweet-suite (vs sweet-suite mirror 55aaa8a: button_sets_controller.rb churn 49%; board_downstream_button_set.rb churn 11%; find-button.js churn 493% (frontend) (moved from app/frontend/app/controllers/find-button.js); buttonset.js churn 52% (frontend); buttonset.js churn 101% (frontend) (moved from app/frontend/app/models/buttonset.js); 3/3 routes are upstream actions),"find_multiple_buttons (code: ENABLED, lib/feature_flags.rb:122) read at components/find-button.js:551, templates/application.hbs:1271, components/edit-board-details.hbs:183",spec/controllers/api/button_sets_controller_spec.rb; spec/models/board_downstream_button_set_spec.rb; app/frontend/tests/models/buttonset-test.js; app/frontend/tests/unit/models/buttonset-cache-fallback-test.js,both: set generation is agent-checkable; search UX is visual,writes,3,no,,"AGENT-REPORTED: static read by an inventory agent; citations bounds-checked, content not re-read by the author",,GET /api/v1/buttonsets/:id api/button_sets#show | GET /api/v1/buttonsets api/button_sets#index | POST /api/v1/buttonsets/:id/generate api/button_sets#generate,
BRD-30,Boards & content,"Button Stash (collect buttons from several boards, place them later)",communicator; supervisor-SLP,"Board Actions > Button Stash components/board-actions.hbs:127 -> components/button-stash.js:52-64 (local stash, last 7 days, max 48); stash from button-settings components/button-settings.js:1321","none (client-only, localStorage stashes)",upstream sweet-suite (vs sweet-suite mirror 55aaa8a: button-stash.js churn 271% (frontend) (moved from app/frontend/app/controllers/button-stash.js); board-actions.js churn 482% (frontend) (moved from app/frontend/app/controllers/modals/board-actions.js); edit_manager.js churn 59% (frontend); button-settings.js churn 62% (frontend) (moved from app/frontend/app/controllers/button-settings.js)),none,NONE,human: drag/place stashed buttons in the editor,none (read-only),2,no,,"AGENT-REPORTED: static read by an inventory agent; citations bounds-checked, content not re-read by the author",,,
BRD-31,Boards & content,NFC tags linked to buttons,communicator; supervisor-SLP,program-nfc components/program-nfc.js:51 (opened from controllers/word-data.js:119); scan lookup services/persistence.js:2492,api/tags#index tags_controller.rb:4 ('model' :9); #create :16 ('supervise' :17); #show :29; #update :48 / #destroy :61 ('supervise' on tag owner),upstream sweet-suite (vs sweet-suite mirror 55aaa8a: tags_controller.rb churn 12%; nfc_tag.rb churn 0%; program-nfc.js churn 118% (frontend) (moved from app/frontend/app/controllers/modals/program-nfc.js); persistence.js churn 78% (frontend) (moved from app/frontend/app/utils/persistence.js); 6/6 routes are upstream actions),none,spec/controllers/api/tags_controller_spec.rb; spec/models/nfc_tag_spec.rb,human: needs an NFC-capable device and tags,destructive,3,no,,"AGENT-REPORTED: static read by an inventory agent; citations bounds-checked, content not re-read by the author",,GET /api/v1/tags api/tags#index | POST /api/v1/tags api/tags#create | GET /api/v1/tags/:id api/tags#show | PATCH /api/v1/tags/:id api/tags#update | PUT /api/v1/tags/:id api/tags#update | DELETE /api/v1/tags/:id api/tags#destroy,
BRD-32,Boards & content,Word data / inflections review tool (admin),anonymous; system,inflections app/frontend/app/routes/inflections.js:5-13; admin gate controllers/inflections.js:16-21; load :39; save :288,api/words#index words_controller.rb:4 (admin_support_actions :5); #update :73 (admin_support_actions :75),heavily modified (vs sweet-suite mirror 55aaa8a: words_controller.rb churn 59%; word_data.rb churn 26%; inflections.js churn 15% (frontend); inflections.hbs churn 81% (frontend); inflections.js churn 6% (frontend); 3/3 routes are upstream actions),none,spec/models/word_data_spec.rb,agent: admin-only access and update via API,writes,8,no,,"AGENT-REPORTED: static read by an inventory agent; citations bounds-checked, content not re-read by the author",,GET /api/v1/words api/words#index | PATCH /api/v1/words/:id api/words#update | PUT /api/v1/words/:id api/words#update,inflections:/inflections | inflections:/inflections/:ref/:locale
BRD-33,Boards & content,Language rules for inflections/contractions,anonymous; communicator; supervisor-SLP,none (fetched by app/frontend/app/utils/i18n.js:933),api/words#lang words_controller.rb:15,heavily modified (vs sweet-suite mirror 55aaa8a: words_controller.rb churn 59%; i18n.js churn 31% (frontend); 1/1 routes are upstream actions),none,spec/controllers/api/words_controller_spec.rb,agent: GET per locale,none (read-only),3,no,,"AGENT-REPORTED: static read by an inventory agent; citations bounds-checked, content not re-read by the author",,GET /api/v1/lang/:locale api/words#lang,
BRD-34,Boards & content,Reachable core words for an utterance reply,anonymous; communicator; supervisor-SLP,utterance page controllers/utterance.js:26-29; templates/utterance.hbs:81,"api/words#reachable_core words_controller.rb:34 (utterance reply code or allowed?(user,'supervise') :37-47)",heavily modified (vs sweet-suite mirror 55aaa8a: words_controller.rb churn 59%; word_data.rb churn 26%; utterance.js churn 41% (frontend); 1/1 routes are upstream actions),preference utterance_core_access (words_controller.rb:37),spec/controllers/api/words_controller_spec.rb,agent: GET with and without a reply code,none (read-only),4,yes: communicator usage logs or utterances,,"AGENT-REPORTED: static read by an inventory agent; citations bounds-checked, content not re-read by the author",,GET /api/v1/words/reachable_core api/words#reachable_core,
BRD-35,Boards & content,"Word part-of-speech lookup (word data modal, auto button colors)",communicator; supervisor-SLP,components/word-data.js:74,api/search#parts_of_speech search_controller.rb:138 (auth required :3),heavily modified (vs sweet-suite mirror 55aaa8a: search_controller.rb churn 91%; word_data.rb churn 26%; word-data.js churn 128% (frontend) (moved from app/frontend/app/controllers/word-data.js); 1/1 routes are upstream actions),none,spec/controllers/api/search_controller_spec.rb,agent: GET a known word,none (read-only),2,no,TODO or FIXME in code,"AGENT-REPORTED: static read by an inventory agent; citations bounds-checked, content not re-read by the author",,GET /api/v1/search/parts_of_speech api/search#parts_of_speech,
BRD-36,Boards & content,"External resources and image proxy (button suggestions, books, cached button-set fetch)",communicator; supervisor-SLP,"components/button-suggestions.js:306,334,376; components/button-settings.js:485","api/search#external_resources search_controller.rb:97 (edit on ref user :102; Uploader.find_resources lib/uploader.rb:1065); #proxy :161 (SafeHttp, traversal check :178, button-set self-heal :259-265)",heavily modified (vs sweet-suite mirror 55aaa8a: search_controller.rb churn 91%; uploader.rb churn 116%; button-suggestions.js churn 95% (frontend) (moved from app/frontend/app/controllers/button-suggestions.js); safe_http.rb absent; 2/2 routes are upstream actions),"tarheel_reader (code: AVAILABLE only, off) read at lib/uploader.rb:1066",spec/controllers/api/search_controller_spec.rb; spec/lib/safe_http_spec.rb,agent: proxy allow/deny cases via API,external-send,2,no,TODO or FIXME in code,"AGENT-REPORTED: static read by an inventory agent; citations bounds-checked, content not re-read by the author",,GET /api/v1/search/external_resources api/search#external_resources | GET /api/v1/search/proxy api/search#proxy,
BRD-37,Boards & content,App search for app-launch buttons,communicator; supervisor-SLP,services/content-grabbers.js:3136,api/search#apps search_controller.rb:328 (AppSearcher),heavily modified (vs sweet-suite mirror 55aaa8a: search_controller.rb churn 91%; app_searcher.rb churn 0%; content-grabbers.js churn 51% (frontend) (moved from app/frontend/app/utils/content_grabbers.js); 1/1 routes are upstream actions),none,spec/controllers/api/search_controller_spec.rb; spec/lib/app_searcher_spec.rb,human: launching apps needs a device,none (read-only),2,no,,"AGENT-REPORTED: static read by an inventory agent; citations bounds-checked, content not re-read by the author",,GET /api/v1/search/apps api/search#apps,
BRD-38,Boards & content,Remote TTS audio proxy (Google cloud voices),anonymous; communicator; supervisor-SLP,remote voices utils/speecher.js:858 -> window.cloud_speak in app/frontend/vendor/speech/speech.js:41,api/search#audio search_controller.rb:334,heavily modified (vs sweet-suite mirror 55aaa8a: search_controller.rb churn 91%; speecher.js churn 29% (frontend); speech.js churn 6% (frontend); 1/1 routes are upstream actions),env GOOGLE_TTS_TOKEN (search_controller.rb:356),spec/controllers/api/search_controller_spec.rb,human: audio output,external-send,1,yes: communicator usage logs or utterances,,"AGENT-REPORTED: static read by an inventory agent; citations bounds-checked, content not re-read by the author",,GET /api/v1/search/audio api/search#audio,
BRD-39,Boards & content,Focus words search (proxy to workshop.openaac.org),anonymous; communicator; supervisor-SLP,"components/focus-words.js:146,173",api/search#focuses search_controller.rb:109,heavily modified (vs sweet-suite mirror 55aaa8a: search_controller.rb churn 91%; focus-words.js churn 206% (frontend) (moved from app/frontend/app/controllers/modals/focus-words.js); 1/1 routes are upstream actions),none,spec/controllers/api/search_controller_spec.rb; app/frontend/tests/components/focus-words-article50-test.js,agent: GET with mock,external-send,4,no,,"AGENT-REPORTED: static read by an inventory agent; citations bounds-checked, content not re-read by the author",,GET /api/v1/search/focus api/search#focuses,
SPK-01,"Speak mode, access & device",Enter Speak Mode (dashboard Continue Speaking / board-detail auto-speak / legacy header button / which-home picker),communicator; supervisor-SLP,"Dashboard 'Speak Mode' / 'Let's Communicate' card app/frontend/app/components/dashboard/authenticated-view.hbs:346,351,377 -> go('speak') authenticated-view.js:1376-1392; legacy board header app/frontend/app/templates/application.hbs:408; which-home modal components/which-home.hbs:9-18",none (client-only); board-detail route sets current_mode=speak at app/frontend/app/routes/user/board-detail.js:609-612; board fetch is boards API,heavily modified (vs sweet-suite mirror 55aaa8a: app-state.js churn 103% (frontend) (moved from app/frontend/app/utils/app_state.js); application.js churn 104% (frontend); application.hbs churn 179% (frontend); which-home.js churn 570% (frontend) (moved from app/frontend/app/controllers/which-home.js); authenticated-view.js absent; authenticated-view.hbs absent; board-detail.js absent),none,app/frontend/tests/utils/app_state-test.js; app/frontend/tests/controllers/which-home-test.js,human: needs a real board session and visual confirmation of speak-mode chrome,none (read-only),1,yes: communicator usage logs or utterances; location,TODO or FIXME in code,"AGENT-REPORTED: static read by an inventory agent; citations bounds-checked, content not re-read by the author",,,
SPK-02,"Speak mode, access & device","Exit Speak Mode with optional Speak Mode PIN (require_speak_mode_pin, hide_pin_hint)",communicator; supervisor-SLP,board-detail options menu 'Exit to Home' app/frontend/app/templates/user/board-detail.hbs:1425 -> exit_to_home controllers/user/board-detail.js:7505; speak menu Exit components/speak-menu.js:940; PIN prefs templates/user/preferences.hbs:49-90,none (client-only); PIN stored in user preferences via users#update app/controllers/api/users_controller.rb:197,heavily modified (vs sweet-suite mirror 55aaa8a: app-state.js churn 103% (frontend) (moved from app/frontend/app/utils/app_state.js); speak-mode-pin.js churn 244% (frontend) (moved from app/frontend/app/controllers/speak-mode-pin.js); speak-menu.js churn 412% (frontend) (moved from app/frontend/app/controllers/speak-menu.js); preferences.hbs churn 62% (frontend); board-detail.js absent),none,app/frontend/tests/controllers/speak-mode-pin-test.js; app/frontend/tests/utils/app_state-test.js,human: PIN entry and lock behaviour on a device,writes,1,no,,"AGENT-REPORTED: static read by an inventory agent; citations bounds-checked, content not re-read by the author",,,
SPK-03,"Speak mode, access & device","Sentence bar / utterance box: build by tapping, speak, backspace, clear",communicator; supervisor-SLP,"board-detail sentence bar app/frontend/app/templates/user/board-detail.hbs:747 (tap text to speak), :866 speak, :877 backspace, :884 clear; legacy speak bar templates/application.hbs:125","none (client-only); utterance.add_button/clear/backspace/vocalize_list app/frontend/app/utils/utterance.js:573,894,926,1225",heavily modified (vs sweet-suite mirror 55aaa8a: utterance.js churn 40% (frontend); app-state.js churn 103% (frontend) (moved from app/frontend/app/utils/app_state.js); application.js churn 104% (frontend); board-detail.js absent; board-detail.hbs absent),none,app/frontend/tests/utils/utterance-test.js; app/frontend/tests/integration/speak-bar-anchor-test.js,human: audio output and touch on device,destructive,1,yes: communicator usage logs or utterances; board content,,"AGENT-REPORTED: static read by an inventory agent; citations bounds-checked, content not re-read by the author",,,
SPK-04,"Speak mode, access & device","Speak-bar chip editing (remove, reorder, swap a word in the sentence)",communicator; supervisor-SLP,"press-and-hold a chip in board-detail sentence bar app/frontend/app/templates/user/board-detail.hbs:760-766,820","none (client-only); utterance.remove_button/swap_buttons/replace_button app/frontend/app/utils/utterance.js:1027,1079,1099",heavily modified (vs sweet-suite mirror 55aaa8a: utterance.js churn 40% (frontend); sentence-bar-chip.js absent; board-detail.js absent),"sentence_bar_editing (code: ENABLED_FRONTEND_FEATURES, marked TEMPORARY lib/feature_flags.rb:135); read controllers/user/board-detail.js:1634-1635",NONE,human: touch press-and-hold interaction,destructive,3,no,TEMPORARY forced-on flag,"AGENT-REPORTED: static read by an inventory agent; citations bounds-checked, content not re-read by the author",,,
SPK-05,"Speak mode, access & device","Speak menu (new_speak_menu): punctuation, repeat / louder / quieter, big-text display, flip text, held thoughts, saved phrases, inbox, repairs",communicator; supervisor-SLP,board-detail 'Speak options' button app/frontend/app/templates/user/board-detail.hbs:892 -> open_speak_menu controllers/user/board-detail.js:9031,none (client-only); saved phrases persist on user via app_state.save_phrase,heavily modified (vs sweet-suite mirror 55aaa8a: speak-menu.js churn 412% (frontend) (moved from app/frontend/app/controllers/speak-menu.js); speak-menu.hbs churn 419% (frontend) (moved from app/frontend/app/templates/speak-menu.hbs); app-state.js churn 103% (frontend) (moved from app/frontend/app/utils/app_state.js); board-detail.js absent),"new_speak_menu (code: ENABLED_FRONTEND_FEATURES lib/feature_flags.rb:122); read components/speak-menu.hbs:49,556 and templates/user/edit.hbs:176",app/frontend/tests/controllers/speak-menu-test.js; app/frontend/tests/unit/components/speak-menu-held-thoughts-test.js; app/frontend/tests/unit/components/speak-menu-parked-order-test.js,human: audio (say louder) and visual big-text display,writes,3,no,,"AGENT-REPORTED: static read by an inventory agent; citations bounds-checked, content not re-read by the author",,,
SPK-06,"Speak mode, access & device","Text-to-speech: browser/native voice selection, rate, pitch, volume, test voice, secondary voice, audio output target",communicator; supervisor-SLP,"Preferences > Voice Settings app/frontend/app/templates/user/preferences.hbs:1918-2140 (voice :1957, rate :1984, pitch :1994, volume :2004, output :2019, secondary voice :2030); test_voice controllers/user/preferences.js:1371",none (client-only); speechSynthesis in app/frontend/app/utils/speecher.js:624-700; prefs saved per device via users#update app/controllers/api/users_controller.rb:197,heavily modified (vs sweet-suite mirror 55aaa8a: speecher.js churn 29% (frontend); utterance.js churn 40% (frontend); preferences.js churn 51% (frontend); preferences.hbs churn 62% (frontend); voice-output.js absent),none,app/frontend/tests/utils/speecher-test.js; app/frontend/tests/utils/speech-test.js; app/frontend/tests/controllers/user/preferences-test.js,human: audio quality/voice judgment across browsers and devices,writes,1,no,,"AGENT-REPORTED: static read by an inventory agent; citations bounds-checked, content not re-read by the author",,,
SPK-07,"Speak mode, access & device","Premium voices: browse, download/claim, delete (native app only)",communicator; supervisor-SLP,"Preferences 'Premium Voices' button app/frontend/app/templates/user/preferences.hbs:1923,1963,1979 -> controllers/user/preferences.js:1367 opens premium-voices modal; also app/frontend/app/components/premium-voices.js:64, app/frontend/app/utils/tts_voices.js:73","api/users#claim_voice app/controllers/api/users_controller.rb:378; User#add_premium_voice app/models/user.rb:327; limits User.default_premium_voices app/models/user.rb:187 (full 2, eval 1, trial 1, none 0); client call app/frontend/app/utils/tts_voices.js:73; also app/models/user.rb:187-210",heavily modified (vs sweet-suite mirror 55aaa8a: users_controller.rb churn 76%; user.rb churn 156%; user.rb churn 41%; premium-voices.js churn 109% (frontend) (moved from app/frontend/app/controllers/premium-voices.js); tts_voices.js churn 2% (frontend); 1/1 routes are upstream actions),"premium: currentUser.currently_premium && premium_voices.allowed > 0, or premium_voices.always_allowed (components/premium-voices.js:62-65); requires capabilities.installed_app; also modeling",spec/controllers/api/users_controller_spec.rb; spec/models/user_spec.rb,human: needs installed iOS/Android app and a paid account; agent can spec claim_voice limits,destructive,1,no,needs device or native app,"AGENT-REPORTED: static read by an inventory agent; citations bounds-checked, content not re-read by the author",,POST /api/v1/users/:user_id/claim_voice api/users#claim_voice,
SPK-08,"Speak mode, access & device","Touch/click activation settings (select on press/release, location, cutoff, minimum press, debounce, selection highlights, auto-home on select)",communicator; supervisor-SLP,Preferences > Selection Settings app/frontend/app/templates/user/preferences.hbs:417-578,none (client-only); applied to buttonTracker at app/frontend/app/services/app-state.js:2830-2847; auto-home possible_auto_home :4907,upstream sweet-suite (vs sweet-suite mirror 55aaa8a: raw_events.js churn 49% (frontend); app-state.js churn 103% (frontend) (moved from app/frontend/app/utils/app_state.js); preferences.hbs churn 62% (frontend)),none,app/frontend/tests/unit/utils/raw-events-test.js,human: touch timing on a device,destructive,3,no,TODO or FIXME in code,"AGENT-REPORTED: static read by an inventory agent; citations bounds-checked, content not re-read by the author",,,
SPK-09,"Speak mode, access & device","Switch scanning (row, column, button, region, axis; auto-scan interval, keycodes, pseudo-switch, audio prompt, scan modeling)",communicator; supervisor-SLP,Preferences > 'more options' > Scanning Settings app/frontend/app/templates/user/preferences.hbs:1455-1677 (modes list controllers/user/preferences.js:520-526),none (client-only); started by check_scanning app/frontend/app/services/app-state.js:2027-2068 in speak mode; engine utils/scanner.js:176,upstream sweet-suite (vs sweet-suite mirror 55aaa8a: scanner.js churn 58% (frontend); app-state.js churn 103% (frontend) (moved from app/frontend/app/utils/app_state.js); preferences.js churn 51% (frontend); preferences.hbs churn 62% (frontend)),none,app/frontend/tests/utils/scanner-test.js; app/frontend/tests/utils/scanner-board-rearm-test.js; app/frontend/tests/utils/scanner-idless-dispatch-test.js,human: physical switch / keyboard switch hardware,writes,3,no,,"AGENT-REPORTED: static read by an inventory agent; citations bounds-checked, content not re-read by the author",,,
SPK-10,"Speak mode, access & device","Dwell / eye-gaze selection (webcam weblinger, native eye gaze, cursor or joystick dwell; dwell time, delay, cursor, gravity, calibrate)",communicator; supervisor-SLP,Preferences > 'more options' > Dwell/Eye Tracking app/frontend/app/templates/user/preferences.hbs:1678-1913; calibrate controllers/user/preferences.js:1392,none (client-only); activated at app/frontend/app/services/app-state.js:2084-2104; capabilities.eye_gaze app/frontend/app/utils/capabilities.js:472; dwell_linger utils/raw_events.js:2288,upstream sweet-suite (vs sweet-suite mirror 55aaa8a: raw_events.js churn 49% (frontend); capabilities.js churn 23% (frontend); app-state.js churn 103% (frontend) (moved from app/frontend/app/utils/app_state.js); preferences.js churn 51% (frontend); preferences.hbs churn 62% (frontend)),none,app/frontend/tests/unit/utils/raw-events-test.js,human: eye-gaze hardware or webcam,none (read-only),3,yes: user data,,ASSUMED: the row text itself marks part of the claim as inferred or not verified,,,
SPK-11,"Speak mode, access & device","Head tracking (iOS Face ID native or webcam), head pointer, tilt sensitivity, facial-expression selection",communicator; supervisor-SLP,"Preferences > Dwell Type 'Head Tracking' app/frontend/app/templates/user/preferences.hbs:1697,1753-1783; list controllers/user/preferences.js:534-551, expressions :591-610",none (client-only); capabilities.head_tracking app/frontend/app/utils/capabilities.js:630; listen at services/app-state.js:2105-2111,upstream sweet-suite (vs sweet-suite mirror 55aaa8a: capabilities.js churn 23% (frontend); preferences.js churn 51% (frontend); app-state.js churn 103% (frontend) (moved from app/frontend/app/utils/app_state.js); raw_events.js churn 49% (frontend)),"ios_head_tracking, vertical_ios_head_tracking (code: ENABLED_FRONTEND_FEATURES lib/feature_flags.rb:123-124); read controllers/user/preferences.js:534,541 (only relabels eye gaze as Eye-Gaze-Plus-Head and adds External Gaze Hardware; the 'Head Tracking' option itself is added whenever head_tracking_capable, :551)",NONE,human: Face ID iPhone/iPad or webcam,none (read-only),3,yes: user data,,ASSUMED: the row text itself marks part of the claim as inferred or not verified,,,
SPK-12,"Speak mode, access & device",Inflections overlay on long-press (grammatical forms 3x3 grid),communicator; supervisor-SLP,Preferences 'Long-Press' checkbox app/frontend/app/templates/user/preferences.hbs:520-530; long-press a button in speak mode,"none (client-only); edit_manager.long_press_mode app/frontend/app/utils/edit_manager.js:120-138; raw_events.js:1136; inflection editor in button settings components/button-settings.hbs:1556,1680",heavily modified (vs sweet-suite mirror 55aaa8a: edit_manager.js churn 59% (frontend); raw_events.js churn 49% (frontend); preferences.hbs churn 62% (frontend); button-settings.hbs churn 4041% (frontend) (moved from app/frontend/app/templates/button-settings.hbs); INFLECTIONS_LONG_PRESS_OVERLAY.md absent),"inflections_overlay (code: ENABLED_FRONTEND_FEATURES lib/feature_flags.rb:122); the pref toggle is NO LONGER flag-gated (preferences.hbs:520 comment), flag still gates button-settings.hbs:1556,1680",NONE,human: long-press gesture,writes,3,no,TODO or FIXME in code,"AGENT-REPORTED: static read by an inventory agent; citations bounds-checked, content not re-read by the author",,,
SPK-13,"Speak mode, access & device",Automatic inflections (auto-adjust button word forms to sentence context),communicator; supervisor-SLP,Preferences 'Automatic Inflections' app/frontend/app/templates/user/preferences.hbs:507-518,none (client-only); app/frontend/app/services/app-state.js:3406-3420; app/frontend/app/models/board.js:683,upstream sweet-suite (vs sweet-suite mirror 55aaa8a: app-state.js churn 103% (frontend) (moved from app/frontend/app/utils/app_state.js); board.js churn 71% (frontend); preferences.hbs churn 62% (frontend)),auto_inflections (code: ENABLED_FRONTEND_FEATURES lib/feature_flags.rb:124); read templates/user/preferences.hbs:507,NONE,human: linguistic judgment of displayed forms,none (read-only),3,no,,"AGENT-REPORTED: static read by an inventory agent; citations bounds-checked, content not re-read by the author",,,
SPK-14,"Speak mode, access & device",Native on-screen keyboard and external keyboard input,communicator; supervisor-SLP,Preferences 'External Keyboard' / 'prefer native keyboard' app/frontend/app/templates/user/preferences.hbs:995-1014; triggered by :native-keyboard button or /keyboard board services/app-state.js:4505-4514,none (client-only); scanner.native_keyboard app/frontend/app/utils/scanner.js:1064,upstream sweet-suite (vs sweet-suite mirror 55aaa8a: scanner.js churn 58% (frontend); app-state.js churn 103% (frontend) (moved from app/frontend/app/utils/app_state.js); preferences.hbs churn 62% (frontend)),native_keyboard (code: ENABLED_FRONTEND_FEATURES lib/feature_flags.rb:121); read templates/user/preferences.hbs:1005; only when capabilities.installed_app on iOS/Android and not scanning (services/app-state.js:4510),NONE,human: installed native app on phone/tablet,external-send,3,no,needs device or native app,"AGENT-REPORTED: static read by an inventory agent; citations bounds-checked, content not re-read by the author",,,
SPK-15,"Speak mode, access & device",Swipe pages (long swipe toggles between home and sidebar boards),communicator; supervisor-SLP,"Preferences 'Swipe Pages' app/frontend/app/templates/user/preferences.hbs:497-504; also templates/user/preferences.hbs:497-502, services/app-state.js:2843, utils/raw_events.js:1367","none (client-only); buttonTracker.swipe_pages set services/app-state.js:2843, handled utils/raw_events.js:1367-1380; also app/models/user.rb:2450",upstream sweet-suite (vs sweet-suite mirror 55aaa8a: raw_events.js churn 49% (frontend); app-state.js churn 103% (frontend) (moved from app/frontend/app/utils/app_state.js); preferences.hbs churn 62% (frontend)),"swipe_pages (code: ENABLED_FRONTEND_FEATURES lib/feature_flags.rb:122); the flag is NOT read in the frontend, the pref toggle is always shown",NONE,human: swipe gesture on touch device,writes,3,no,flag never read,"AGENT-REPORTED: static read by an inventory agent; citations bounds-checked, content not re-read by the author",,,
SPK-16,"Speak mode, access & device","Board navigation in speak mode (folder jump, back, home, board lock 'Stay on this Board', home lock, speak level)",communicator; supervisor-SLP,board-detail options menu sticky board app/frontend/app/templates/user/board-detail.hbs:1291-1299 -> controllers/user/board-detail.js:7611; go_home :7800; legacy header templates/application.hbs:1259-1265; speak level components/speak-menu.js:985,"none (client-only); app_state.jump_to_board services/app-state.js:1094, toggle_home_lock :1185",heavily modified (vs sweet-suite mirror 55aaa8a: app-state.js churn 103% (frontend) (moved from app/frontend/app/utils/app_state.js); speak-menu.js churn 412% (frontend) (moved from app/frontend/app/controllers/speak-menu.js); board-detail.js absent; board-detail.hbs absent),none,app/frontend/tests/acceptance/board-lock-test.js; app/frontend/tests/unit/controllers/user-board-detail-url-link-test.js,human: navigating real board sets,writes,3,no,,"AGENT-REPORTED: static read by an inventory agent; citations bounds-checked, content not re-read by the author",,,
SPK-17,"Speak mode, access & device",Show/hide hidden buttons in speak mode (enable all buttons) and prevent_hide_buttons,communicator; supervisor-SLP,board-detail options menu app/frontend/app/templates/user/board-detail.hbs:1117-1133 -> toggle_all_buttons controllers/user/board-detail.js:7553; pref templates/user/preferences.hbs:354-363; legacy templates/application.hbs:1201,none (client-only); stashes all_buttons_enabled,heavily modified (vs sweet-suite mirror 55aaa8a: preferences.hbs churn 62% (frontend); board-detail.js absent; board-detail.hbs absent),"enable_all_buttons (code: ENABLED_FRONTEND_FEATURES lib/feature_flags.rb:120); read templates/user/board-detail.hbs:1117, preferences.hbs:354, application.hbs:1201",NONE,human: visual check of hidden buttons,writes,3,no,,"AGENT-REPORTED: static read by an inventory agent; citations bounds-checked, content not re-read by the author",,,
SPK-18,"Speak mode, access & device","Focus words: highlight chosen words on boards, browse/search word lists, analysis report page (/:user/focus)",communicator; supervisor-SLP,"board-detail options 'Focus Words' app/frontend/app/templates/user/board-detail.hbs:1098-1113 -> toggle_focus controllers/user/board-detail.js:7570; report action components/focus-words.js:760-772 transitions to user.focus (routes/user/focus.js:14 reads app_state.focus_route); also app/frontend/app/components/focus-words.js:675, app/frontend/app/controllers/modals/focus-words.js:349","search#focuses app/controllers/api/search_controller.rb:109; integrations#focus_usage app/controllers/api/integrations_controller.rb:89; also app/controllers/api/integrations_controller.rb:89-92, app/models/user_integration.rb:273-293",heavily modified (vs sweet-suite mirror 55aaa8a: search_controller.rb churn 91%; integrations_controller.rb churn 190%; user_integration.rb churn 5%; focus-words.js churn 206% (frontend) (moved from app/frontend/app/controllers/modals/focus-words.js); focus-words.js churn 17% (frontend); focus.js churn 33% (frontend); focus.js churn 104% (frontend); focus.hbs churn 63% (frontend); 1/1 routes are upstream actions),"focus_word_highlighting (code: ENABLED_FRONTEND_FEATURES lib/feature_flags.rb:124); read templates/user/board-detail.hbs:1099, templates/application.hbs:1221, components/focus-words.js:205",app/frontend/tests/components/focus-words-article50-test.js; spec/controllers/api/integrations_controller_spec.rb,both: visual highlighting on board / enqueued job and outbound call can be stubbed,external-send,3,yes: AI processing,,"AGENT-REPORTED: static read by an inventory agent; citations bounds-checked, content not re-read by the author",,POST /api/v1/focus/usage api/integrations#focus_usage,user.focus:/focus
SPK-19,"Speak mode, access & device",Skin tone preference applied to symbol images,communicator; supervisor-SLP,Preferences 'Preferred Skin Tone' app/frontend/app/templates/user/preferences.hbs:149-151; per-board override board-detail edit panel templates/user/board-detail.hbs:3272-3289,none (client-only render) app/frontend/app/models/board.js:701 variant_image_urls; pref 'skin' whitelisted app/models/user.rb:2437-2466 (PREFERENCE_PARAMS),upstream sweet-suite (vs sweet-suite mirror 55aaa8a: board.js churn 71% (frontend); preferences.hbs churn 62% (frontend); preferences.js churn 51% (frontend)),skin_tones (code: ENABLED_FRONTEND_FEATURES lib/feature_flags.rb:125); read templates/user/preferences.hbs:149,NONE,human: visual check of symbol variants,none (read-only),2,no,commented-out code,"AGENT-REPORTED: static read by an inventory agent; citations bounds-checked, content not re-read by the author",,,
SPK-20,"Speak mode, access & device","Custom sidebar: add/remove/reorder/hide sidebar boards and actions, quick actions, sidebar edit PIN, device home",communicator; supervisor-SLP,Preferences > Sidebar and Shortcuts app/frontend/app/templates/user/preferences.hbs:1173-1215; board-detail inline 'Edit Sidebar' app/frontend/app/templates/user/board-detail.hbs:2230-2232 -> controllers/user/board-detail.js:8577; 'Add to Sidebar' controllers/application.js:1028,users#update app/controllers/api/users_controller.rb:197 (sidebar_boards in PREFERENCE_PARAMS app/models/user.rb:2427-2436),heavily modified (vs sweet-suite mirror 55aaa8a: add-to-sidebar.js churn 168% (frontend) (moved from app/frontend/app/controllers/add-to-sidebar.js); sidebar-button-settings.js churn 158% (frontend) (moved from app/frontend/app/controllers/sidebar-button-settings.js); preferences.js churn 51% (frontend); app-state.js churn 103% (frontend) (moved from app/frontend/app/utils/app_state.js); sidebar-editor.js absent; pin-settings.js absent),"edit_sidebar (code: ENABLED_FRONTEND_FEATURES, TEMPORARY lib/feature_flags.rb:134) read board-detail.hbs:2230, preferences.hbs:60; custom_sidebar (code: ENABLED lib/feature_flags.rb:117) is NOT read anywhere in app/",NONE,human: drag/reorder UI,destructive,3,no,flag never read; TEMPORARY forced-on flag,"AGENT-REPORTED: static read by an inventory agent; citations bounds-checked, content not re-read by the author",,,
SPK-21,"Speak mode, access & device",Geo sidebar: highlight sidebar boards by location/time (geo-fenced),communicator; supervisor-SLP,sidebar button settings 'Highlight this board at certain locations/times' app/frontend/app/components/sidebar-button-settings.hbs:57-70 (opened from controllers/user/preferences.js:1326); also app/frontend/app/utils/geo.js:45,"users#places app/controllers/api/users_controller.rb:54-58 -> Geolocation.find_places lib/geolocation.rb:2-9 (Google Places nearbysearch); client app/frontend/app/utils/geo.js:45; also app/controllers/api/users_controller.rb:54, api/users_controller.rb:54-59, lib/geolocation.rb:2-34",heavily modified (vs sweet-suite mirror 55aaa8a: users_controller.rb churn 76%; geolocation.rb churn 0%; sidebar-button-settings.hbs churn 77% (frontend) (moved from app/frontend/app/templates/sidebar-button-settings.hbs); geo.js churn 23% (frontend); app-state.js churn 103% (frontend) (moved from app/frontend/app/utils/app_state.js); 1/1 routes are upstream actions),geo_sidebar (code: ENABLED_FRONTEND_FEATURES lib/feature_flags.rb:118); read components/sidebar-button-settings.hbs:57,spec/lib/geolocation_spec.rb; spec/controllers/api/users_controller_spec.rb,human: physical location changes on device,external-send,3,yes: location,,ASSUMED: the row text itself marks part of the claim as inferred or not verified,,GET /api/v1/users/:user_id/places api/users#places,
SPK-22,"Speak mode, access & device",Board header 'Other Actions' menu (other_menu) on legacy board view,communicator; supervisor-SLP,"legacy board header dropdown app/frontend/app/templates/application.hbs:593-597 and mobile menu :695-699 (header suppressed on board-detail, application.hbs:21)",none (client-only); opens modals/board-actions via controllers/application.js:1493,upstream sweet-suite (vs sweet-suite mirror 55aaa8a: application.hbs churn 179% (frontend); application.js churn 104% (frontend)),"other_menu (code: ENABLED_FRONTEND_FEATURES lib/feature_flags.rb:125); read templates/application.hbs:562,593,695 (also HIDES Download Board when on)",NONE,human: visual menu on legacy board route,none (read-only),8,no,,"AGENT-REPORTED: static read by an inventory agent; citations bounds-checked, content not re-read by the author",,,
SPK-23,"Speak mode, access & device","Modeling mode toggle from speak mode, and speak-as-communicator / switch communicators",communicator; supervisor-SLP,board-detail options 'Modeling' app/frontend/app/templates/user/board-detail.hbs:1314 -> controllers/user/board-detail.js:7877; 'Switch Communicators' :1332 -> :7589; speak menu pick_speak_mode_user components/speak-menu.js:975-983,"none (client-only); app_state.toggle_modeling services/app-state.js:1209-1225, set_speak_mode_user :2307",heavily modified (vs sweet-suite mirror 55aaa8a: app-state.js churn 103% (frontend) (moved from app/frontend/app/utils/app_state.js); speak-menu.js churn 412% (frontend) (moved from app/frontend/app/controllers/speak-menu.js); application.js churn 104% (frontend); board-detail.js absent),none,app/frontend/tests/utils/app_state-test.js,human: multi-user supervision session,writes,4,yes: communicator usage logs or utterances; AI processing,commented-out code,"AGENT-REPORTED: static read by an inventory agent; citations bounds-checked, content not re-read by the author",,,
SPK-24,"Speak mode, access & device","Valet / Classroom login setup (valet password, long-term, prevent disable, QR credentials)",communicator; supervisor-SLP,"user.edit 'Valet/Classroom Login' app/frontend/app/templates/user/edit.hbs:307-418; save opens modals/valet-mode controllers/user/edit.js:174-216; QR fetch components/valet-mode.js:50; also app/frontend/app/controllers/user/edit.js:216, app/frontend/app/components/valet-mode.js:52","api/users#valet_credentials app/controllers/api/users_controller.rb:40-52 (allowed? delete); password handling app/models/concerns/passwords.rb:157-230; also app/controllers/api/users_controller.rb:40, app/models/user.rb:92",heavily modified (vs sweet-suite mirror 55aaa8a: users_controller.rb churn 76%; passwords.rb churn 20%; user.rb churn 156%; edit.hbs churn 132% (frontend); edit.js churn 19% (frontend); valet-mode.js churn 194% (frontend) (moved from app/frontend/app/controllers/modals/valet-mode.js); valet-mode.js churn 22% (frontend); 1/1 routes are upstream actions),none,spec/controllers/api/users_controller_spec.rb; spec/models/concerns/passwords_spec.rb,both: specs for credentials; human for QR scan on a second device and notification emails,destructive,4,yes: credentials or tokens,,"AGENT-REPORTED: static read by an inventory agent; citations bounds-checked, content not re-read by the author",auth-passwords,GET /api/v1/users/:user_id/valet_credentials api/users#valet_credentials,
SPK-25,"Speak mode, access & device","Valet session: model@ login, modeling-only permissions, no edit/supervise, short token",communicator; supervisor-SLP,/login?model-<id>:<password> parsed at app/frontend/app/routes/login.js:41,session#token app/controllers/session_controller.rb:517-520 (find_for_login allow_modeling) -> User.find_for_login app/models/user.rb:91-97; device valet flags session_controller.rb:1310-1316; perms app/models/user.rb:55-70; valet_blocked app/controllers/application_controller.rb:293-294; no 2FA app/models/device.rb:180-181,heavily modified (vs sweet-suite mirror 55aaa8a: session_controller.rb churn 115%; user.rb churn 156%; device.rb churn 12%; permissions.rb churn 97%; application_controller.rb churn 223%; login.js churn 243% (frontend); session.js absent),none,spec/controllers/session_controller_spec.rb; spec/models/device_spec.rb; spec/models/user_spec.rb; spec/models/concerns/passwords_spec.rb,both: specs for permission denial; human for shared-device classroom flow,writes,4,yes: communicator usage logs or utterances; AI processing; board content,,"AGENT-REPORTED: static read by an inventory agent; citations bounds-checked, content not re-read by the author",auth-2fa-optional,,
SPK-26,"Speak mode, access & device","Preferences page: load/save all General and Device preference groups (Basics, Notifications, AI Features, Styling, Selection, Logging and Sync, Startup and Extras, Core/Phrases/Modeling, Sidebar, Device Layout, Scanning, Dwell, Voice)",communicator; supervisor-SLP,"/:user_id/preferences app/frontend/app/routes/user/preferences.js:5-21 (autosave on leave :23-34); template gated on model.permissions.edit app/frontend/app/templates/user/preferences.hbs:1; groups at :8,193,214,331,417,580,792,1030,1173,1327,1456,1678,1953","api/users#update app/controllers/api/users_controller.rb:197; User#process_params PREFERENCE_PARAMS app/models/user.rb:2427, applied :2778",heavily modified (vs sweet-suite mirror 55aaa8a: users_controller.rb churn 76%; user.rb churn 156%; preferences.js churn 14% (frontend); preferences.js churn 51% (frontend); preferences.hbs churn 62% (frontend)),"none (individual rows gated, e.g. remote_modeling preferences.hbs:1032, edit_sidebar :60, skin_tones :149)",app/frontend/tests/controllers/user/preferences-test.js; spec/models/user_spec.rb; spec/controllers/api/users_controller_spec.rb,both: agent via users#update specs; human for each device-facing toggle,external-send,1,"yes: age, consent or guardian data; location; AI processing",,"AGENT-REPORTED: static read by an inventory agent; citations bounds-checked, content not re-read by the author",,,user.preferences:/preferences
SPK-27,"Speak mode, access & device","Speak-mode behaviour prefs (on vocalize clear/home, self-interrupting, repeat history, speak on entering speak mode, board jump delay, edit button in speak mode, wake lock, full screen, battery alerts)",communicator; supervisor-SLP,"Preferences > Startup and Extras app/frontend/app/templates/user/preferences.hbs:792-990 (speak_on_speak_mode :932, wakelock :920, fullscreen :807)",users#update app/controllers/api/users_controller.rb:197,upstream sweet-suite (vs sweet-suite mirror 55aaa8a: preferences.hbs churn 62% (frontend); app-state.js churn 103% (frontend) (moved from app/frontend/app/utils/app_state.js); capabilities.js churn 23% (frontend)),none,app/frontend/tests/controllers/user/preferences-test.js,"human: device behaviours (screen wake, full screen, audio)",destructive,3,no,,"AGENT-REPORTED: static read by an inventory agent; citations bounds-checked, content not re-read by the author",,,
SPK-28,"Speak mode, access & device",Per-device preference profiles (Device Preferences per device; multi-device),communicator; supervisor-SLP,Preferences 'Device Preferences (<device name>)' app/frontend/app/templates/user/preferences.hbs:1325,JsonApi::User picks nearest device prefs lib/json_api/user.rb:102-125; stored settings.preferences.devices app/models/user.rb:1998-2005,heavily modified (vs sweet-suite mirror 55aaa8a: user.rb churn 41%; user.rb churn 156%; preferences.js churn 51% (frontend)),none,spec/lib/json_api/user_spec.rb,human: two physical devices on one account,none (read-only),0,no,,"AGENT-REPORTED: static read by an inventory agent; citations bounds-checked, content not re-read by the author",,,
SPK-29,"Speak mode, access & device","Offline mode and sync (IndexedDB/SQLite cache, auto-sync, manual sync, Sync Details, liked-board sync)",communicator; supervisor-SLP,Extras 'Sync Details' card app/frontend/app/components/dashboard/authenticated-view.hbs:719 -> authenticated-view.js:1725-1729; Sync button components/sync-details.hbs:16; prefs templates/user/preferences.hbs:758-790; also app/frontend/app/services/persistence.js:4036,"users#sync_stamp app/controllers/api/users_controller.rb:31; users#board_revisions :758; client sync app/frontend/app/services/persistence.js:1997, check_for_needs_sync :4001; storage app/frontend/app/utils/dbman.js:239",heavily modified (vs sweet-suite mirror 55aaa8a: users_controller.rb churn 76%; persistence.js churn 78% (frontend) (moved from app/frontend/app/utils/persistence.js); persistence.js churn 63% (frontend); dbman.js churn 7% (frontend); sync-details.js churn 188% (frontend) (moved from app/frontend/app/controllers/sync-details.js); 3/3 routes are upstream actions),none,app/frontend/tests/utils/persistence-sync-test.js; app/frontend/tests/utils/persistence-test.js; spec/controllers/api/users_controller_spec.rb,both: specs for endpoints; human for airplane-mode use and reconnect,writes,3,yes: communicator usage logs or utterances; board content,TODO or FIXME in code,"AGENT-REPORTED: static read by an inventory agent; citations bounds-checked, content not re-read by the author",,GET /api/v1/users/:user_id/sync_stamp api/users#sync_stamp | GET /api/v1/users/:user_id/board_revisions api/users#board_revisions | GET /api/v1/users/:user_id/boards api/users#boards,
SPK-30,"Speak mode, access & device","Background board prefetch during sync (phased: home, starred, owned roots, public roots)",communicator; supervisor-SLP,"none (background during sync) app/frontend/app/services/persistence.js:3060-3090,3489",users#board_revisions app/controllers/api/users_controller.rb:758 and boards list API,heavily modified (vs sweet-suite mirror 55aaa8a: persistence.js churn 78% (frontend) (moved from app/frontend/app/utils/persistence.js); board_prefetch_planner.js absent),"background_board_prefetch (code: ENABLED_FRONTEND_FEATURES lib/feature_flags.rb:131); catalog_board_prefetch (code: AVAILABLE only, off); read utils/board_prefetch_planner.js:161-170",app/frontend/tests/unit/utils/board-prefetch-planner-test.js,both: unit tests for planner; human for offline availability after sync,writes,3,no,,"AGENT-REPORTED: static read by an inventory agent; citations bounds-checked, content not re-read by the author",,,
SPK-31,"Speak mode, access & device",Install to home screen / standalone detection (Getting Started 'add app' checklist item),communicator; supervisor-SLP,"Getting Started modal app/frontend/app/components/getting-started.js:94-95 opens add-app (instructions by device, components/add-app.js:14-19)",none (client-only); progress.app_added saved via user.save services/app-state.js:2730-2732,upstream sweet-suite (vs sweet-suite mirror 55aaa8a: add-app.js churn 341% (frontend) (moved from app/frontend/app/controllers/add-app.js); getting-started.js churn 205% (frontend) (moved from app/frontend/app/controllers/getting-started.js); capabilities.js churn 23% (frontend); app-state.js churn 103% (frontend) (moved from app/frontend/app/utils/app_state.js)),none,app/frontend/tests/controllers/add-app-test.js,human: iOS/Android home-screen install,writes,0,no,,"AGENT-REPORTED: static read by an inventory agent; citations bounds-checked, content not re-read by the author",,,
SPK-32,"Speak mode, access & device","Public 'Try a Demo' speak mode on static demo boards (build/speak/clear sentence, quick words, style panel)",anonymous; communicator; supervisor-SLP,"'Try a Demo' links app/frontend/app/components/app-navbar.hbs:22,62 and landing-alt-page.hbs:65; offline_boards picker templates/offline_boards.hbs:23; route app/frontend/app/routes/demo/speak.js:15-39",none (client-only); static JSON under public/demo-boards via app/frontend/app/utils/demo_board_loader.js:4-15; TTS speecher.speak_text in controllers/demo/speak.js,LingoLinq-new (vs sweet-suite mirror 55aaa8a: speak.js absent; style.js absent; speak.js absent; speak.hbs absent; demo_board_loader.js absent),none,NONE,"human: audio and visual demo walkthrough, logged out",destructive; external-send,0,no,dead or orphaned route or code,"AGENT-REPORTED: static read by an inventory agent; citations bounds-checked, content not re-read by the author",,,demo:/demo | demo.index:/ | demo.speak:/speak | demo.style:/style
SPK-33,"Speak mode, access & device",/speech static AAC symbol-board mockup page,anonymous; communicator,/speech app/frontend/app/routes/speech.js:4-12; template app/frontend/app/templates/speech.hbs:1-75,none (client-only),heavily modified (vs sweet-suite mirror 55aaa8a: speech.js churn 102% (frontend) (moved from app/frontend/vendor/speech/speech.js); speech.js churn 101% (frontend) (moved from app/frontend/vendor/speech/speech.js); speech.hbs absent),none,NONE,human: visual only,none (read-only),8,no,stub,"AGENT-REPORTED: static read by an inventory agent; citations bounds-checked, content not re-read by the author",,,speech:/speech
TEAM-01,"Users, supervision & team",Backend permission model for users (roles and permission types),communicator; supervisor-SLP; org-admin; system,none (API/background only),"app/models/user.rb:53-88 (add_permissions rules: self user.rb:55-56, valet user.rb:57, edit-link supervisor user.rb:61-62, supervisor/model user.rb:69-74, set_goals user.rb:77-80, view_word_map user.rb:85, org manager user.rb:86-87, admin user.rb:88); supervisor_for? app/models/concerns/supervising.rb:41; edit_permission_for? supervising.rb:110; modeling_only_for? supervising.rb:121; role predicates app/models/concerns/subscription.rb:767-772; per-instance cache key app/models/concerns/permissions.rb:29",heavily modified (vs sweet-suite mirror 55aaa8a: user.rb churn 156%; supervising.rb churn 99%; permissions.rb churn 97%; subscription.rb churn 1%; board.rb churn 50%),none,spec/models/user_spec.rb; spec/models/concerns/supervising_spec.rb; spec/controllers/api/users_controller_spec.rb,agent: permission matrix can be asserted in model specs and via API 400 unauthorized responses,writes,4,yes: communicator usage logs or utterances; account identity or contact details,,"AGENT-REPORTED: static read by an inventory agent; citations bounds-checked, content not re-read by the author",,,
TEAM-02,"Users, supervision & team",Admin/org user lookup search (users#index),org-admin; system,"organizations admin page app/frontend/app/controllers/organizations.js:221 (store.query('user',{q}))",Api::UsersController#index app/controllers/api/users_controller.rb:164 (org edit or admin_manager? :169-172; SAML alias lookup :179),heavily modified (vs sweet-suite mirror 55aaa8a: users_controller.rb churn 76%; organizations.js absent; 1/1 routes are upstream actions),none,spec/controllers/api/users_controller_spec.rb,agent: GET /api/v1/users?q= as admin vs non-admin,writes,7,yes: account identity or contact details,,"AGENT-REPORTED: static read by an inventory agent; citations bounds-checked, content not re-read by the author",,GET /api/v1/users api/users#index,
TEAM-03,"Users, supervision & team",Delete my account (scheduled hard delete after 36h),communicator; supervisor-SLP; system,user edit page opens modal app/frontend/app/controllers/user/edit.js:290 -> app/frontend/app/components/confirm-delete-user.js:78; also app/frontend/app/templates/user/edit.hbs:580,"Api::UsersController#flush_user app/controllers/api/users_controller.rb:477 (delete permission = self only user.rb:56; schedule_deletion_at 36h :481; AuditEvent :486); sweep lib/flusher.rb:332 (scheduled lib/tasks/scheduler.rake:39) -> Flusher.flush_user_completely lib/flusher.rb:485; also api/users_controller.rb:476-490, flusher.rb:332-338, flusher.rb:485-501, flusher.rb:9-33, users_controller.rb:464-474",heavily modified (vs sweet-suite mirror 55aaa8a: users_controller.rb churn 76%; flusher.rb churn 131%; scheduler.rake churn 367%; passwords.rb churn 20%; confirm-delete-user.js churn 341% (frontend) (moved from app/frontend/app/controllers/modals/confirm-delete-user.js); 1/1 routes are upstream actions),none,spec/controllers/api/users_controller_spec.rb; spec/lib/flusher_spec.rb,agent: POST flush/user then run Flusher.flush_deleted_users in spec,destructive,8,"yes: communicator usage logs or utterances; age, consent or guardian data; audio or video recordings; audit or compliance records",TODO or FIXME in code,"AGENT-REPORTED: static read by an inventory agent; citations bounds-checked, content not re-read by the author",hard-delete-on-request,POST /api/v1/users/:user_id/flush/user api/users#flush_user,
TEAM-04,"Users, supervision & team",List a user's supervisors and supervisees,communicator; supervisor-SLP; org-admin,loaded by app/frontend/app/models/user.js:832 and :850 (load_all_connections),Api::UsersController#supervisors app/controllers/api/users_controller.rb:602; #supervisees :610 (per-row supervisee_listable? filter :636),heavily modified (vs sweet-suite mirror 55aaa8a: users_controller.rb churn 76%; application_controller.rb churn 223%; user.rb churn 41%; user.js churn 38% (frontend); 2/2 routes are upstream actions),none,spec/controllers/api/users_controller_spec.rb,agent: GET supervisors/supervisees as org manager across org boundary,none (read-only),4,yes: account identity or contact details,,"AGENT-REPORTED: static read by an inventory agent; citations bounds-checked, content not re-read by the author",,GET /api/v1/users/:user_id/supervisors api/users#supervisors | GET /api/v1/users/:user_id/supervisees api/users#supervisees,
TEAM-05,"Users, supervision & team","Communicator adds/removes supervisors directly (supervisor_key: add, add_edit, add_modeling, add_premium, remove)",anonymous; communicator; supervisor-SLP; org-admin,"Supervision card app/frontend/app/templates/user/index.hbs:179 -> supervision-settings modal app/frontend/app/components/supervision-settings.js:156 (add_supervisor, premium check) and :131-153 (remove) -> add-supervisor modal app/frontend/app/components/add-supervisor.js:148-179","Api::UsersController#update app/controllers/api/users_controller.rb:214-215 (manage_supervision-only slice) -> User#process_params user.rb:3081 -> SupervisorKeyProcessor#call app/services/supervisor_key_processor.rb:9 (process_add :50 needs any_premium_or_grace_period :51; modeling link :62; remove :91, :104) -> User.link_supervisor_to_user supervising.rb (modeling_only state :342)",heavily modified (vs sweet-suite mirror 55aaa8a: users_controller.rb churn 76%; supervising.rb churn 99%; user.rb churn 156%; supervision-settings.js churn 94% (frontend) (moved from app/frontend/app/controllers/supervision-settings.js); add-supervisor.js churn 150% (frontend) (moved from app/frontend/app/controllers/add-supervisor.js); supervision-settings.hbs churn 202% (frontend) (moved from app/frontend/app/templates/supervision-settings.hbs); supervisor_key_processor.rb absent; 2/2 routes are upstream actions),"premium: check_for_currently_premium(model,'add_supervisor',true) app/frontend/app/components/supervision-settings.js:158; backend any_premium_or_grace_period? app/services/supervisor_key_processor.rb:51",spec/services/supervisor_key_processor_spec.rb; spec/models/concerns/supervising_spec.rb; app/frontend/tests/controllers/supervision-settings-test.js; app/frontend/tests/controllers/add-supervisor-test.js,agent: PUT user with supervisor_key and assert UserLink state,destructive,4,yes: user data,,"AGENT-REPORTED: static read by an inventory agent; citations bounds-checked, content not re-read by the author",,PATCH /api/v1/users/:id api/users#update | PUT /api/v1/users/:id api/users#update,
TEAM-06,"Users, supervision & team",Supporter requests access to a communicator by username/email (consent flow),supervisor-SLP,supervision-settings Request Access app/frontend/app/components/supervision-settings.js:166 and :218 -> app/frontend/app/components/request-supervision.js:90; also add-supervisor consent form app/frontend/app/components/add-supervisor.js:131,Api::SupervisorRelationshipsController#create app/controllers/api/supervisor_relationships_controller.rb:34 (flag gate :36/:215; AuditEvent :53) -> SupervisorConsentService#request_access app/services/supervisor_consent_service.rb:28 (generic anti-enumeration message; org isolation; under-13 to owner_email :76-77; SupervisorMailer :87); alt ingress request_supervision key app/services/supervisor_key_processor.rb:118,LingoLinq-new (vs sweet-suite mirror 55aaa8a: add-supervisor.js churn 150% (frontend) (moved from app/frontend/app/controllers/add-supervisor.js); supervisor_relationships_controller.rb absent; supervisor_consent_service.rb absent; supervisor_relationship.rb absent; supervisor_key_processor.rb absent; request-supervision.js absent; 0/1 routes are upstream actions),"supervisor_consent_flow (code: ENABLED_FRONTEND_FEATURES, marked TEMPORARY lib/feature_flags.rb:136); read app/controllers/api/supervisor_relationships_controller.rb:216, app/services/supervisor_key_processor.rb:119, app/frontend/app/components/supervision-settings.js:165",spec/controllers/api/supervisor_relationships_controller_spec.rb; spec/services/supervisor_consent_service_spec.rb; spec/models/supervisor_relationship_spec.rb; spec/mailers/supervisor_mailer_spec.rb,both: agent for API/audit; human for consent email delivery to guardian,external-send,4,"yes: account identity or contact details; age, consent or guardian data; audit or compliance records",TEMPORARY forced-on flag,"AGENT-REPORTED: static read by an inventory agent; citations bounds-checked, content not re-read by the author",,POST /api/v1/supervisor_relationships api/supervisor_relationships#create,
TEAM-07,"Users, supervision & team",Guardian approves/denies supervision via emailed consent link,anonymous; communicator; supervisor-SLP,"consent page (route consent-response, not in this slice) app/frontend/app/controllers/consent-response.js:36 (lookup) and :111 (respond); app/frontend/app/routes/consent-response.js; also controllers/consent-response.js:36",Api::SupervisorRelationshipsController#consent_lookup app/controllers/api/supervisor_relationships_controller.rb:62 (no-referrer :67); #consent_response :86 (token path :101-102; channel email_token audit :143-154) -> SupervisorConsentService#approve app/services/supervisor_consent_service.rb:97 / #deny :110,LingoLinq-new (vs sweet-suite mirror 55aaa8a: supervisor_relationships_controller.rb absent; supervisor_consent_service.rb absent; consent-response.js absent; consent-response.js absent; consent-response.hbs absent; 0/3 routes are upstream actions),supervisor_consent_flow (response endpoints intentionally ungated app/controllers/api/supervisor_relationships_controller.rb:208-214),spec/controllers/api/supervisor_relationships_controller_spec.rb; spec/services/supervisor_consent_service_spec.rb,human: requires consent email link,external-send,4,"yes: age, consent or guardian data; audit or compliance records",,"AGENT-REPORTED: static read by an inventory agent; citations bounds-checked, content not re-read by the author",,GET /api/v1/supervisor_relationships/consent_lookup api/supervisor_relationships#consent_lookup | POST /api/v1/supervisor_relationships/consent_response api/supervisor_relationships#consent_response | POST /api/v1/supervisor_relationships/:id/consent_response api/supervisor_relationships#consent_response,consent-response:/consent/:token
TEAM-08,"Users, supervision & team",Communicator approves/denies pending supervision requests in-app,anonymous; communicator,PendingConsentRequests inside supervision-settings app/frontend/app/components/supervision-settings.hbs:68 -> app/frontend/app/components/pending-consent-requests.js:31 (list) and :57 (PUT approve/deny),Api::SupervisorRelationshipsController#index app/controllers/api/supervisor_relationships_controller.rb:4; #approve :164 / #deny :168 -> #consent_response :86 (in-app party path :103-111) -> SupervisorConsentService#approve_as_party app/services/supervisor_consent_service.rb:104 / #deny_as_party :114,LingoLinq-new (vs sweet-suite mirror 55aaa8a: supervision-settings.hbs churn 202% (frontend) (moved from app/frontend/app/templates/supervision-settings.hbs); supervisor_relationships_controller.rb absent; supervisor_consent_service.rb absent; pending-consent-requests.js absent; 0/3 routes are upstream actions),supervisor_consent_flow (code: ENABLED_FRONTEND_FEATURES TEMPORARY lib/feature_flags.rb:136); read app/frontend/app/components/supervision-settings.hbs:68,spec/controllers/api/supervisor_relationships_controller_spec.rb,agent: PUT /supervisor_relationships/:id/approve as communicator vs third party,writes,4,yes: audit or compliance records,TEMPORARY forced-on flag,"AGENT-REPORTED: static read by an inventory agent; citations bounds-checked, content not re-read by the author",,PUT /api/v1/supervisor_relationships/:id/approve api/supervisor_relationships#approve | PUT /api/v1/supervisor_relationships/:id/deny api/supervisor_relationships#deny | GET /api/v1/supervisor_relationships api/supervisor_relationships#index,
TEAM-09,"Users, supervision & team",View or revoke a consent-flow supervisor relationship (API only),communicator; supervisor-SLP,none (API/background only),Api::SupervisorRelationshipsController#show app/controllers/api/supervisor_relationships_controller.rb:27; #destroy :172 -> SupervisorConsentService#revoke app/services/supervisor_consent_service.rb:118 (unlinks UserLink too),LingoLinq-new (vs sweet-suite mirror 55aaa8a: supervisor_relationships_controller.rb absent; supervisor_consent_service.rb absent; 0/2 routes are upstream actions),none (ungated by design supervisor_relationships_controller.rb:208-214),spec/controllers/api/supervisor_relationships_controller_spec.rb,agent: DELETE /api/v1/supervisor_relationships/:id,destructive,4,yes: audit or compliance records,no UI entry (API only),"AGENT-REPORTED: static read by an inventory agent; citations bounds-checked, content not re-read by the author",,GET /api/v1/supervisor_relationships/:id api/supervisor_relationships#show | DELETE /api/v1/supervisor_relationships/:id api/supervisor_relationships#destroy,
TEAM-10,"Users, supervision & team",Modeling-only supervisor link (limited per-communicator access),communicator; supervisor-SLP,add-supervisor permission choice app/frontend/app/components/add-supervisor.js:172 (add_modeling) / consent permission_level modeling_only :124; caseload badge app/frontend/app/templates/caseload.hbs:97-98,"link state app/models/concerns/supervising.rb:342; modeling_only_for? supervising.rb:121-126; permission split app/models/user.rb:69-74, :85; JSON flag lib/json_api/user.rb:359 and :414",heavily modified (vs sweet-suite mirror 55aaa8a: supervising.rb churn 99%; user.rb churn 156%; user.rb churn 41%; add-supervisor.js churn 150% (frontend) (moved from app/frontend/app/controllers/add-supervisor.js); supervisor_key_processor.rb absent; caseload.hbs absent),none,spec/models/concerns/supervising_spec.rb; spec/models/user_spec.rb; spec/services/supervisor_key_processor_spec.rb,"agent: permission assertions for a modeling-only link (model yes, view_detailed/supervise/view_word_map no)",writes,4,yes: communicator usage logs or utterances,,"AGENT-REPORTED: static read by an inventory agent; citations bounds-checked, content not re-read by the author",,,
TEAM-11,"Users, supervision & team",Modeling-only (free supporter) account restrictions,supervisor-SLP,"notices on report pages app/frontend/app/templates/user/stats.hbs:49, app/frontend/app/templates/user/goals.hbs:1, app/frontend/app/templates/user/badges.hbs:1, app/frontend/app/templates/user/logs.hbs:1, app/frontend/app/templates/user/recordings.hbs:1; Extras card hidden app/frontend/app/templates/user/index.hbs:246",billing_state :modeling_only app/models/concerns/subscription.rb:836/:856; logs blocked app/controllers/api/logs_controller.rb:39; no edit app/models/concerns/supervising.rb:112/:116; premium voices clamped subscription.rb:278; speak-mode nag app/frontend/app/services/app-state.js:1806,heavily modified (vs sweet-suite mirror 55aaa8a: subscription.rb churn 1%; supervising.rb churn 99%; user.rb churn 156%; logs_controller.rb churn 56%; stats.hbs churn 326% (frontend); recordings.hbs churn 91% (frontend); premium-required.hbs churn 139% (frontend) (moved from app/frontend/app/templates/premium-required.hbs)),none,spec/models/concerns/subscription_spec.rb; spec/models/user_spec.rb,both: agent for API denials; human to confirm UI notices,writes,4,no,,"AGENT-REPORTED: static read by an inventory agent; citations bounds-checked, content not re-read by the author",,,
TEAM-12,"Users, supervision & team","Supporter models on a supervisee's boards (view boards, speak as communicator)",supervisor-SLP; org-admin,switch-communicators select app/frontend/app/components/switch-communicators.js:126 -> app/frontend/app/services/app-state.js:2307 set_speak_mode_user,board view via user 'model' app/models/board.rb:98; edit via 'edit_boards' board.rb:101; model granted app/models/user.rb:69,heavily modified (vs sweet-suite mirror 55aaa8a: board.rb churn 50%; user.rb churn 156%; app-state.js churn 103% (frontend) (moved from app/frontend/app/utils/app_state.js); switch-communicators.js churn 204% (frontend) (moved from app/frontend/app/controllers/switch-communicators.js)),none,spec/models/user_spec.rb,both: agent for board view permission; human for speak-mode modeling experience,writes,4,yes: board content,,"AGENT-REPORTED: static read by an inventory agent; citations bounds-checked, content not re-read by the author",,,
TEAM-13,"Users, supervision & team",Supervise-only supporter sets a communicator's home board,anonymous; supervisor-SLP,caseload set-home action app/frontend/app/controllers/caseload.js:665 (transition to board-picker),Api::UsersController#update branch app/controllers/api/users_controller.rb:220-221; slice helpers :1292-1310,heavily modified (vs sweet-suite mirror 55aaa8a: users_controller.rb churn 76%; board-picker.js churn 191% (frontend) (moved from app/frontend/app/components/board-picker.js); caseload.js absent; 2/2 routes are upstream actions),none,spec/controllers/api/users_controller_spec.rb,agent: PUT user preferences.home_board as supervise-only supporter,writes,4,yes: user data,,"AGENT-REPORTED: static read by an inventory agent; citations bounds-checked, content not re-read by the author",,PATCH /api/v1/users/:id api/users#update | PUT /api/v1/users/:id api/users#update,
TEAM-14,"Users, supervision & team",Switch between supervisees (Switch Communicators),supervisor-SLP; org-admin,application menu app/frontend/app/templates/application.hbs:1238; board actions app/frontend/app/templates/user/board-detail.hbs:1332; reports app/frontend/app/templates/user/stats.hbs:19; action app/frontend/app/controllers/application.js:1239 (PIN check),none (client-only; uses supervisees list from users#supervisees),upstream sweet-suite (vs sweet-suite mirror 55aaa8a: application.js churn 104% (frontend); switch-communicators.js churn 204% (frontend) (moved from app/frontend/app/controllers/switch-communicators.js); switch-communicators.hbs churn 200% (frontend) (moved from app/frontend/app/templates/switch-communicators.hbs); app-state.js churn 103% (frontend) (moved from app/frontend/app/utils/app_state.js)),supervising_context_banner pill (code: ENABLED_FRONTEND_FEATURES TEMPORARY); read app/frontend/app/services/app-state.js:4027,NONE,human: navigation across supervisees on device,none (read-only),4,no,TEMPORARY forced-on flag,"AGENT-REPORTED: static read by an inventory agent; citations bounds-checked, content not re-read by the author",,,
TEAM-15,"Users, supervision & team",My Caseload page (supporter's communicators hub),supervisor-SLP; org-admin,"/caseload app/frontend/app/router.js:45; links app/frontend/app/components/dashboard/authenticated-view.hbs:19 and :221, app/frontend/app/templates/organization/index.hbs:5","none (client-only; reads users#supervisees, badges, stats)",LingoLinq-new (vs sweet-suite mirror 55aaa8a: caseload.js absent; caseload.js absent; caseload.hbs absent; caseload.js absent),none (route gate supporter_role/supervisees app/frontend/app/routes/caseload.js:28-35),app/frontend/tests/controllers/caseload-test.js,"human: visual layout, row expansion, per-row access badges",none (read-only),4,yes: communicator usage logs or utterances; account identity or contact details,,"AGENT-REPORTED: static read by an inventory agent; citations bounds-checked, content not re-read by the author",,,caseload:/caseload
TEAM-16,"Users, supervision & team",Dashboard Supervisors panel (inline supervision settings modal),communicator; supervisor-SLP,dashboard app/frontend/app/components/dashboard/authenticated-view.js:1454 (opens dashboard-supervisors-modal); inline settings app/frontend/app/components/dashboard/authenticated-view.hbs:678,none (client-only; saves via users#update supervisor_key),LingoLinq-new (vs sweet-suite mirror 55aaa8a: dashboard-supervisors-modal.js absent; dashboard-supervisors-modal.hbs absent; authenticated-view.js absent),none,NONE,human: UI flow,writes,4,no,,"AGENT-REPORTED: static read by an inventory agent; citations bounds-checked, content not re-read by the author",,,
TEAM-17,"Users, supervision & team",Remote modeling (real-time follow and prompt over websocket),communicator; supervisor-SLP,preferences toggle app/frontend/app/templates/user/preferences.hbs:1032-1062; user menu app/frontend/app/templates/user/index.hbs:269 -> app/frontend/app/controllers/user/index.js:1509; speak-mode icon app/frontend/app/controllers/application.js:1125,"Api::UsersController#ws_settings app/controllers/api/users_controller.rb:115; #ws_lookup :88; #ws_encrypt :61; #ws_decrypt :69 (all supervise); client ActionCable app/frontend/app/utils/sync.js:184-201, :277, :880; ws_url from ENV LLWEBSOCKET_URL app/controllers/session_controller.rb:627",heavily modified (vs sweet-suite mirror 55aaa8a: users_controller.rb churn 76%; session_controller.rb churn 115%; sync.js churn 24% (frontend); app-state.js churn 103% (frontend) (moved from app/frontend/app/utils/app_state.js); remote-model.js churn 162% (frontend) (moved from app/frontend/app/controllers/modals/remote-model.js); remote-model.js churn 12% (frontend); 4/4 routes are upstream actions),remote_modeling (code: ENABLED_FRONTEND_FEATURES lib/feature_flags.rb:124); read app/frontend/app/templates/user/preferences.hbs:1032; premium: check_for_currently_premium app/frontend/app/controllers/user/index.js:1511,spec/controllers/api/users_controller_spec.rb,human: needs two devices and the external websocket server,writes,4,yes: communicator usage logs or utterances,depends on a service that is not provisioned,"AGENT-REPORTED: static read by an inventory agent; citations bounds-checked, content not re-read by the author",,GET /api/v1/users/:user_id/ws_settings api/users#ws_settings | GET /api/v1/users/:user_id/ws_lookup api/users#ws_lookup | POST /api/v1/users/:user_id/ws_encrypt api/users#ws_encrypt | POST /api/v1/users/:user_id/ws_decrypt api/users#ws_decrypt,
TEAM-18,"Users, supervision & team",Modeling ideas (word activity suggestions for supervisees),communicator; supervisor-SLP,dashboard app/frontend/app/components/dashboard/authenticated-view.js:1825; caseload app/frontend/app/controllers/caseload.js:568; speak mode app/frontend/app/controllers/application.js:1822 -> app/frontend/app/components/modeling-ideas.js,Api::UsersController#word_activities app/controllers/api/users_controller.rb:522 (model; progress-scheduled WordData.update_activities_for :532); client app/frontend/app/models/user.js:1246,heavily modified (vs sweet-suite mirror 55aaa8a: users_controller.rb churn 76%; word_data.rb churn 26%; modeling-ideas.js churn 123% (frontend) (moved from app/frontend/app/controllers/modals/modeling-ideas.js); modeling-ideas.js churn 12% (frontend); user.js churn 38% (frontend); 1/1 routes are upstream actions),modeling (code: ENABLED_FRONTEND_FEATURES lib/feature_flags.rb:118) but no read site found; premium: none_premium placeholder app/frontend/app/components/modeling-ideas.js:120-123,NONE,both: agent for word_activities API; human for suggestion quality,writes,4,yes: communicator usage logs or utterances,flag never read,"AGENT-REPORTED: static read by an inventory agent; citations bounds-checked, content not re-read by the author",,GET /api/v1/users/:user_id/word_activities api/users#word_activities,
TEAM-19,"Users, supervision & team",Team messaging inbox and alerts (notes that notify the user),communicator; supervisor-SLP,speak-mode inbox app/frontend/app/components/speak-menu.js:889 -> app/frontend/app/components/inbox.js; fetch app/frontend/app/services/persistence.js:2647,Api::UsersController#alerts app/controllers/api/users_controller.rb:1092 (supervise; notify_user notes :1096),heavily modified (vs sweet-suite mirror 55aaa8a: users_controller.rb churn 76%; log_session.rb churn 12%; inbox.js churn 134% (frontend) (moved from app/frontend/app/controllers/modals/inbox.js); inbox.js churn 13% (frontend); persistence.js churn 78% (frontend) (moved from app/frontend/app/utils/persistence.js); 1/1 routes are upstream actions),none,spec/controllers/api/users_controller_spec.rb,both: agent for alerts API; human to read/clear inbox in speak mode,none (read-only),4,yes: user data,,"AGENT-REPORTED: static read by an inventory agent; citations bounds-checked, content not re-read by the author",,GET /api/v1/users/:user_id/alerts api/users#alerts,
TEAM-20,"Users, supervision & team","Share an utterance (to supervisors/contacts, email, social)",communicator; supervisor-SLP,speak menu app/frontend/app/components/speak-menu.js:676 -> app/frontend/app/components/share-utterance.js:67 (creates utterance) and :280 (message); premium gate app/frontend/app/components/share-utterance.hbs:48; email app/frontend/app/components/share-email.js:73; also app/frontend/app/components/speak-menu.js:674-677,"Api::UtterancesController#create app/controllers/api/utterances_controller.rb:17; #share :34 (sharer premium check only when user_id :45); Utterance#share_with app/models/utterance.rb:85; also utterance.rb:241-331, lib/pusher.rb:4-46, sms_consent.rb:22-60, api/callbacks_controller.rb:37-51, utterance.rb:45-47",heavily modified (vs sweet-suite mirror 55aaa8a: utterances_controller.rb churn 17%; utterance.rb churn 7%; pusher.rb churn 14%; remote_target.rb churn 2%; callbacks_controller.rb churn 15%; share-utterance.js churn 160% (frontend) (moved from app/frontend/app/controllers/share-utterance.js); share-utterance.hbs churn 224% (frontend) (moved from app/frontend/app/templates/share-utterance.hbs); share-email.js churn 182% (frontend) (moved from app/frontend/app/controllers/share-email.js); share-utterance.js churn 11% (frontend); speak-menu.js churn 412% (frontend) (moved from app/frontend/app/controllers/speak-menu.js); sms_consent.rb absent; 2/2 routes are upstream actions),premium: referenced_user.currently_premium app/frontend/app/components/share-utterance.hbs:48; backend any_premium_or_grace_period?(true) app/controllers/api/utterances_controller.rb:45; also sms_recipient_consent,spec/controllers/api/utterances_controller_spec.rb; spec/models/utterance_spec.rb; app/frontend/tests/controllers/share-utterance-test.js; app/frontend/tests/unit/components/share-utterance-contact-id-test.js; spec/lib/pusher_spec.rb; spec/models/sms_consent_spec.rb; spec/controllers/api/callbacks_controller_spec.rb,human: email/SMS delivery,destructive; external-send,3,"yes: communicator usage logs or utterances; account identity or contact details; age, consent or guardian data; audio or video recordings",TODO or FIXME in code; depends on a service that is not provisioned,ASSUMED: the row text itself marks part of the claim as inferred or not verified,,POST /api/v1/utterances/:utterance_id/share api/utterances#share | POST /api/v1/utterances api/utterances#create,
TEAM-21,"Users, supervision & team",Shared utterance page and recipient reply (/u/:code -> /utterances/:id),anonymous; communicator; supervisor-SLP,/utterances/:id app/frontend/app/routes/utterance.js:6-12 and app/frontend/app/templates/utterance.hbs:98 (reply box); reply app/frontend/app/controllers/utterance.js:179; show_user toggle save :242; /u/:reply_code server redirect config/routes.rb:106,BoardsController#utterance_redirect app/controllers/boards_controller.rb:56 (7-day expiry :61); Api::UtterancesController#show app/controllers/api/utterances_controller.rb:4; #reply :70; #update :57,heavily modified (vs sweet-suite mirror 55aaa8a: utterances_controller.rb churn 17%; boards_controller.rb churn 60%; utterance.rb churn 7%; utterance.js churn 17% (frontend); utterance.js churn 41% (frontend); utterance.hbs churn 214% (frontend); 6/6 routes are upstream actions),none,spec/controllers/api/utterances_controller_spec.rb; spec/controllers/boards_controller_spec.rb; app/frontend/tests/controllers/utterance-test.js,both: open link from email/SMS and reply / GET redirect cases,destructive,4,yes: communicator usage logs or utterances,commented-out code,"AGENT-REPORTED: static read by an inventory agent; citations bounds-checked, content not re-read by the author",,GET /u/:reply_code boards#utterance_redirect | GET /utterances/:id boards#utterance | POST /api/v1/utterances/:utterance_id/reply api/utterances#reply | GET /api/v1/utterances/:id api/utterances#show | PATCH /api/v1/utterances/:id api/utterances#update | PUT /api/v1/utterances/:id api/utterances#update,utterance:/utterances/:id | utterance-reply:/u/:reply_code
TEAM-22,"Users, supervision & team",Personal contacts and 'message me' link for two-way messaging,anonymous; communicator,user edit contacts app/frontend/app/controllers/user/edit.js:296-310 (message_link creates private_only utterance),offline_actions add_contact/remove_contact app/models/user.rb:2893-2979 via users#update app/controllers/api/users_controller.rb:197; lookup_contact user.rb:3472; utterance create app/controllers/api/utterances_controller.rb:17,heavily modified (vs sweet-suite mirror 55aaa8a: user.rb churn 156%; users_controller.rb churn 76%; utterances_controller.rb churn 17%; edit.js churn 19% (frontend); 3/3 routes are upstream actions),none,spec/models/user_spec.rb,human: SMS/email round trip,destructive,4,yes: account identity or contact details,,ASSUMED: user_spec coverage of add_contact not opened; offline_actions branch lines seen via grep,,PATCH /api/v1/users/:id api/users#update | PUT /api/v1/users/:id api/users#update | POST /api/v1/utterances api/utterances#create,
TEAM-23,"Users, supervision & team",Communication profiles (questionnaires) and encrypted results,supervisor-SLP; org-admin,user page card app/frontend/app/templates/user/index.hbs:195 -> app/frontend/app/controllers/user/index.js:1855 (modals/profiles) -> app/frontend/app/components/profiles.js:115/:198; take profile /profile/:user_id/:profile_id app/frontend/app/routes/profile.js:9; org room app/frontend/app/controllers/organization/room.js:206; results decrypt app/frontend/app/controllers/user/log.js:119,Api::ProfilesController#show app/controllers/api/profiles_controller.rb:4; #index :12 (supervise); #latest :24 (supervise); Api::UsersController#external_nonce app/controllers/api/users_controller.rb:1240,heavily modified (vs sweet-suite mirror 55aaa8a: profiles_controller.rb churn 9%; users_controller.rb churn 76%; profile_template.rb churn 26%; profile.js churn 22% (frontend); profile.hbs churn 56% (frontend); profile.js churn 19% (frontend); profiles.js absent; 4/4 routes are upstream actions),"profiles (code: ENABLED_FRONTEND_FEATURES lib/feature_flags.rb:125); read app/frontend/app/templates/user/index.hbs:195, app/frontend/app/templates/organization/index.hbs:226, lib/json_api/unit.rb:56",spec/controllers/api/profiles_controller_spec.rb; spec/models/profile_template_spec.rb; spec/models/external_nonce_spec.rb,both: agent for API; human for clinical questionnaire content,external-send,5,yes: clinical or evaluation data,,"AGENT-REPORTED: static read by an inventory agent; citations bounds-checked, content not re-read by the author",,GET /api/v1/users/:user_id/external_nonce/:nonce_id api/users#external_nonce | GET /api/v1/profiles/latest api/profiles#latest | GET /api/v1/profiles api/profiles#index | GET /api/v1/profiles/:id api/profiles#show,profile:/profile/:user_id/:profile_id
TEAM-24,"Users, supervision & team",User edit history (admin support),system,Support Actions 'Edit History' link app/frontend/app/templates/user/index.hbs:560 (shown under support_actions :504) -> app/frontend/app/routes/user/history.js:8 -> app/frontend/app/controllers/user/history.js:12,Api::UsersController#history app/controllers/api/users_controller.rb:579 (admin_support_actions :584; AuditEvent :592-597),heavily modified (vs sweet-suite mirror 55aaa8a: users_controller.rb churn 76%; history.js churn 32% (frontend); history.hbs churn 78% (frontend); history.js churn 0% (frontend); 1/1 routes are upstream actions),none,spec/controllers/api/users_controller_spec.rb,agent: GET /api/v1/userversions?user_id= as admin vs org manager,writes,7,yes: audit or compliance records,suspected bug (not security),CONFIRMED: cited lines re-read against the code by the author,,GET /api/v1/userversions api/users#history,user.history:/history
TEAM-25,"Users, supervision & team",Rename a user (support action),org-admin; system,Support Actions 'Change User Name' app/frontend/app/templates/user/index.hbs:559 -> app/frontend/app/controllers/user/index.js:1787,Api::UsersController#rename app/controllers/api/users_controller.rb:451 (support_actions :454),heavily modified (vs sweet-suite mirror 55aaa8a: users_controller.rb churn 76%; renaming.rb churn 0%; index.js churn 173% (frontend); 1/1 routes are upstream actions),none,spec/controllers/api/users_controller_spec.rb,agent: POST rename with old_key/new_key,writes,7,no,,"AGENT-REPORTED: static read by an inventory agent; citations bounds-checked, content not re-read by the author",,POST /api/v1/users/:user_id/rename api/users#rename,
TEAM-26,"Users, supervision & team",Daily-use activity log (self; admin read audited),communicator; system,user account page app/frontend/app/controllers/user/index.js:235,Api::UsersController#daily_use app/controllers/api/users_controller.rb:1044 (cross-user only admin_support_actions :1051; AuditEvent :1058),heavily modified (vs sweet-suite mirror 55aaa8a: users_controller.rb churn 76%; index.js churn 173% (frontend); stashes.js absent; 1/1 routes are upstream actions),none,spec/controllers/api/users_controller_spec.rb,agent: GET daily_use as self and as admin,none (read-only),5,yes: audit or compliance records,,"AGENT-REPORTED: static read by an inventory agent; citations bounds-checked, content not re-read by the author",,GET /api/v1/users/:user_id/daily_use api/users#daily_use,
TEAM-27,"Users, supervision & team",Word map (vocabulary location map) API,communicator; supervisor-SLP,none (API/background only),Api::UsersController#word_map app/controllers/api/users_controller.rb:1166 (view_word_map :1169); BoardDownstreamButtonSet.word_map_for app/models/board_downstream_button_set.rb:796,heavily modified (vs sweet-suite mirror 55aaa8a: users_controller.rb churn 76%; board_downstream_button_set.rb churn 11%; 1/1 routes are upstream actions),none,spec/controllers/api/users_controller_spec.rb,agent: GET word_map as self vs modeling-only supervisor,none (read-only),5,no,no UI entry (API only),"AGENT-REPORTED: static read by an inventory agent; citations bounds-checked, content not re-read by the author",,GET /api/v1/users/:user_id/word_map api/users#word_map,
TEAM-28,"Users, supervision & team",Button suggestions (Extra Ideas) in board edit,communicator; supervisor-SLP,board edit menu app/frontend/app/controllers/application.js:1754 and app/frontend/app/components/board-actions.js:186 -> app/frontend/app/components/button-suggestions.js,Api::UsersController#core_lists app/controllers/api/users_controller.rb:997; #message_bank_suggestions :1028; external resources search,heavily modified (vs sweet-suite mirror 55aaa8a: users_controller.rb churn 76%; button-suggestions.js churn 95% (frontend) (moved from app/frontend/app/controllers/button-suggestions.js); button-suggestions.hbs churn 150% (frontend) (moved from app/frontend/app/templates/button-suggestions.hbs); 2/2 routes are upstream actions),premium: currentUser.currently_premium or premium supervisee app/frontend/app/components/button-suggestions.js:142-151,NONE,human: judge suggestion content in editor,external-send,2,no,,"AGENT-REPORTED: static read by an inventory agent; citations bounds-checked, content not re-read by the author",,GET /api/v1/users/:user_id/core_lists api/users#core_lists | GET /api/v1/users/:user_id/message_bank_suggestions api/users#message_bank_suggestions,
TEAM-29,"Users, supervision & team",Message bank phrase suggestions for batch voice recording,communicator; supervisor-SLP,batch recording modal app/frontend/app/components/batch-recording.js:120,Api::UsersController#message_bank_suggestions app/controllers/api/users_controller.rb:1028,heavily modified (vs sweet-suite mirror 55aaa8a: users_controller.rb churn 76%; word_data.rb churn 26%; batch-recording.js churn 88% (frontend) (moved from app/frontend/app/controllers/batch-recording.js); 1/1 routes are upstream actions),none,spec/controllers/api/users_controller_spec.rb,human: audio recording,writes,2,yes: audio or video recordings,,"AGENT-REPORTED: static read by an inventory agent; citations bounds-checked, content not re-read by the author",message-banking-own-voice,GET /api/v1/users/:user_id/message_bank_suggestions api/users#message_bank_suggestions,
TEAM-30,"Users, supervision & team",Trigger a button's third-party integration action,anonymous; communicator; supervisor-SLP,button press app/frontend/app/utils/button.js:1447,Api::UsersController#activate_button app/controllers/api/users_controller.rb:422 (model; board view :428; Progress notify :442),heavily modified (vs sweet-suite mirror 55aaa8a: users_controller.rb churn 76%; button.js churn 33% (frontend); 1/1 routes are upstream actions),none,spec/controllers/api/users_controller_spec.rb,human: needs a configured external integration,none (read-only),8,yes: board content,,"AGENT-REPORTED: static read by an inventory agent; citations bounds-checked, content not re-read by the author",,POST /api/v1/users/:user_id/activate_button api/users#activate_button,
TEAM-31,"Users, supervision & team",Evaluation account transfer and reset,communicator; supervisor-SLP,eval status modal app/frontend/app/components/eval-status.js:134 and :174,Api::UsersController#transfer_eval app/controllers/api/users_controller.rb:1174; #reset_eval :1189,heavily modified (vs sweet-suite mirror 55aaa8a: users_controller.rb churn 76%; subscription.rb churn 1%; eval-status.js churn 185% (frontend) (moved from app/frontend/app/controllers/modals/eval-status.js); 2/2 routes are upstream actions),none,spec/controllers/api/users_controller_spec.rb; spec/models/concerns/subscription_spec.rb,agent: POST evals/transfer with credentials,destructive,5,yes: clinical or evaluation data,TODO or FIXME in code; commented-out code,"AGENT-REPORTED: static read by an inventory agent; citations bounds-checked, content not re-read by the author",,POST /api/v1/users/:user_id/evals/transfer api/users#transfer_eval | POST /api/v1/users/:user_id/evals/reset api/users#reset_eval,
TEAM-32,"Users, supervision & team",Protected (premium) symbol image proxy,anonymous; communicator; supervisor-SLP,personalized image URLs app/frontend/app/services/content-grabbers.js:1088,Api::UsersController#protected_image app/controllers/api/users_controller.rb:1100 (no API token; protected_image_token lookup :1102; fallback image :1106),heavily modified (vs sweet-suite mirror 55aaa8a: users_controller.rb churn 76%; content-grabbers.js churn 51% (frontend) (moved from app/frontend/app/utils/content_grabbers.js); 1/1 routes are upstream actions),none,spec/controllers/api/users_controller_spec.rb,human: visual symbol rendering,none (read-only),3,no,,"AGENT-REPORTED: static read by an inventory agent; citations bounds-checked, content not re-read by the author",,GET /api/v1/users/:user_id/protected_image/:library/:image_id api/users#protected_image,
TEAM-33,"Users, supervision & team",External AAC device (sidekick) declaration on profile,anonymous; communicator; supervisor-SLP,user account page app/frontend/app/controllers/user/index.js:1846 (modals/external-device),users#update app/controllers/api/users_controller.rb:197 -> User#process_params external_device app/models/user.rb:2550-2553; serialized lib/json_api/user.rb:353,heavily modified (vs sweet-suite mirror 55aaa8a: user.rb churn 156%; user.rb churn 41%; index.js churn 173% (frontend); 2/2 routes are upstream actions),none,spec/controllers/api/users_controller_spec.rb,agent: PUT user external_device and GET,external-send,3,no,,ASSUMED: users_controller_spec coverage of external_device not opened,,PATCH /api/v1/users/:id api/users#update | PUT /api/v1/users/:id api/users#update,
DATA-01,"Logs, reports, goals & lessons","Communicator log list (sessions, notes, assessments, evals, profiles, journal; filters, highlighted, pagination)",communicator; supervisor-SLP; org-admin,"user.logs, app/frontend/app/templates/user/logs.hbs:3 (gate), :16-32 (type/highlight/journal filters); app/frontend/app/controllers/user/logs.js:144 refresh",api/logs#index app/controllers/api/logs_controller.rb:8 (supervise :27; goal-scoped set_goals :29-31; private_logging :41; journal requires delete :120; own supporter logs limited to profile/note/eval :132-134; goal/location/device/date filters :138-171),heavily modified (vs sweet-suite mirror 55aaa8a: logs_controller.rb churn 56%; log.rb churn 26%; log_session.rb churn 12%; logs.js churn 0% (frontend); logs.js churn 44% (frontend); logs.hbs churn 115% (frontend); log.js churn 42% (frontend); 1/1 routes are upstream actions),"none; premium: template gate currently_premium_or_premium_supporter (app/frontend/app/templates/user/logs.hbs:3), Show Highlighted/Journal links need currently_premium (logs.hbs:24); no server-side premium check in logs_controller.rb",spec/controllers/api/logs_controller_spec.rb; app/frontend/tests/controllers/user/logs-test.js; app/frontend/tests/models/log-test.js,agent: permission matrix and filters testable via API specs,destructive,5,yes: communicator usage logs or utterances; clinical or evaluation data; location,no UI entry (API only),"AGENT-REPORTED: static read by an inventory agent; citations bounds-checked, content not re-read by the author",,GET /api/v1/logs api/logs#index,user.logs:/logs
DATA-02,"Logs, reports, goals & lessons","Log session detail view (events, per-event highlight and notes, geo map, IP cluster links, goal link, video note playback, print)",communicator; supervisor-SLP; org-admin,"user.log, app/frontend/app/routes/user/log.js:34; app/frontend/app/templates/user/log.hbs:516-549 (highlight/notes), :568-604 (geo/IP), :624 (print)","api/logs#show app/controllers/api/logs_controller.rb:195 (log_viewable? :473, private_logging :200, cutoff :203); api/logs#update :263 (supervise :267) for highlight/event notes",heavily modified (vs sweet-suite mirror 55aaa8a: logs_controller.rb churn 56%; log.rb churn 26%; log.js churn 28% (frontend); log.js churn 64% (frontend); log.hbs churn 76% (frontend); log.js churn 42% (frontend); 3/3 routes are upstream actions),none; no premium gate in user/log.hbs (only permissions.supervise at log.hbs:635),spec/controllers/api/logs_controller_spec.rb; app/frontend/tests/unit/controllers/user-log-same-author-test.js; app/frontend/tests/models/log-test.js,both: API permissions by spec; map rendering and event layout need visual check,writes,5,yes: communicator usage logs or utterances; location,,"AGENT-REPORTED: static read by an inventory agent; citations bounds-checked, content not re-read by the author",,GET /api/v1/logs/:id api/logs#show | PATCH /api/v1/logs/:id api/logs#update | PUT /api/v1/logs/:id api/logs#update,user.log:/logs/:log_id
DATA-03,"Logs, reports, goals & lessons",Usage log push from device (session logging of speak-mode activity),communicator; supervisor-SLP,none (API/background only): speak-mode usage stashed then pushed by the client,api/logs#create app/controllers/api/logs_controller.rb:210 (allowed? model :223; blank user_id fix :221); LogSession.process_as_follow_on app/models/log_session.rb:1323,heavily modified (vs sweet-suite mirror 55aaa8a: logs_controller.rb churn 56%; log_session.rb churn 12%; log.js churn 42% (frontend); 1/1 routes are upstream actions),none; logging requires user preferences.logging (opt-in),spec/controllers/api/logs_controller_spec.rb; spec/models/log_session_spec.rb,both: API push by spec; real device offline and sync behaviour needs a human,external-send,3,yes: communicator usage logs or utterances; location,,"AGENT-REPORTED: static read by an inventory agent; citations bounds-checked, content not re-read by the author",,POST /api/v1/logs api/logs#create,
DATA-04,"Logs, reports, goals & lessons","Notes / messages about a communicator (text or video note, notify team, reply, link to goal and status)",communicator; supervisor-SLP,"user.logs 'New Note' app/frontend/app/templates/user/logs.hbs:141,160; reply in user.log app/frontend/app/controllers/user/log.js:280-283; component app/frontend/app/components/record-note.js:204-215",api/logs#create app/controllers/api/logs_controller.rb:210; notify handling app/models/log_session.rb:1859-1866,heavily modified (vs sweet-suite mirror 55aaa8a: logs_controller.rb churn 56%; log_session.rb churn 12%; record-note.js churn 137% (frontend) (moved from app/frontend/app/controllers/record-note.js); record-note.hbs churn 141% (frontend) (moved from app/frontend/app/templates/record-note.hbs); logs.hbs churn 115% (frontend); 1/1 routes are upstream actions),none; Add menu gated by currently_premium_or_premium_supporter (logs.hbs:134),spec/controllers/api/logs_controller_spec.rb; app/frontend/tests/controllers/record-note-test.js,both: log creation by spec; notification email or push delivery needs a human,writes,4,yes: audio or video recordings,,"AGENT-REPORTED: static read by an inventory agent; citations bounds-checked, content not re-read by the author",,POST /api/v1/logs api/logs#create,user.logs:/logs
DATA-05,"Logs, reports, goals & lessons","Quick assessment (tally correct/incorrect, optionally tied to a goal) saved as assessment log",communicator; supervisor-SLP,"user.logs Add > Quick Assessment app/frontend/app/templates/user/logs.hbs:142,161; app/frontend/app/controllers/user/logs.js:122-128; also user.goals app/frontend/app/controllers/user/goals.js:92-94 and user.goal controllers/user/goal.js:130-132; component app/frontend/app/components/quick-assessment.js:156-162",api/logs#create app/controllers/api/logs_controller.rb:210; log_type 'assessment' app/models/log_session.rb:241; display app/frontend/app/templates/user/log.hbs:389-412,heavily modified (vs sweet-suite mirror 55aaa8a: logs_controller.rb churn 56%; log_session.rb churn 12%; quick-assessment.js churn 111% (frontend) (moved from app/frontend/app/controllers/quick-assessment.js); logs.js churn 44% (frontend); log.hbs churn 76% (frontend); 1/1 routes are upstream actions),"assessments (code: ENABLED_FRONTEND_FEATURES, lib/feature_flags.rb:117) but NOT READ anywhere in app/ or lib/; premium: check_for_currently_premium(model,'quick_assessment') without allow_premium_supporter (app/frontend/app/controllers/user/logs.js:124)",spec/controllers/api/logs_controller_spec.rb,agent: log creation and premium modal testable,writes,5,yes: clinical or evaluation data,flag never read,"AGENT-REPORTED: static read by an inventory agent; citations bounds-checked, content not re-read by the author",,POST /api/v1/logs api/logs#create,user.logs:/logs
DATA-06,"Logs, reports, goals & lessons","Legacy evaluation (obf/eval speak-mode eval) stored as eval log, pending eval view and Resume Evaluation",communicator; supervisor-SLP,user index Run Evaluation app/frontend/app/controllers/user/index.js:1503-1506; caseload app/frontend/app/controllers/caseload.js:636; pending 'last-eval' pseudo log app/frontend/app/routes/user/log.js:13-21; resume app/frontend/app/controllers/user/log.js:316-325,api/logs#create app/controllers/api/logs_controller.rb:210; data['eval'] -> log_type 'eval' app/models/log_session.rb:275-276,heavily modified (vs sweet-suite mirror 55aaa8a: log_session.rb churn 12%; logs_controller.rb churn 56%; eval.js churn 43% (frontend); log.js churn 64% (frontend); log.js churn 28% (frontend); 1/1 routes are upstream actions),"evaluations (code: ENABLED_FRONTEND_FEATURES, lib/feature_flags.rb:123) but NOT READ anywhere; premium: check_for_currently_premium(model,'eval',false,true) i.e. allow_premium_supporter (app/frontend/app/controllers/user/index.js:1505)",spec/models/log_session_spec.rb,human: eval runs in speak mode with clinical judgment,writes,5,yes: clinical or evaluation data,TODO or FIXME in code; flag never read,"ASSUMED: spec file coverage of eval log_type not individually confirmed; boundary: new clinical /eval (eval.quick, eval_sessions) is covered by another row",,POST /api/v1/logs api/logs#create,user.log:/logs/:log_id
DATA-07,"Logs, reports, goals & lessons","OBL log file download (single log, all logs, anonymized .obla)",communicator; supervisor-SLP; system,user.logs 'Download Log File' app/frontend/app/templates/user/logs.hbs:155; user.log app/frontend/app/templates/user/log.hbs:616; modal app/frontend/app/components/download-log.js:67-71,"api/logs#obl app/controllers/api/logs_controller.rb:332 (supervise :337/:351, cutoff blocks full export :355-358); Exporter.export_logs lib/exporter.rb:6, export_log :150; also api/logs_controller.rb:251",heavily modified (vs sweet-suite mirror 55aaa8a: logs_controller.rb churn 56%; exporter.rb churn 11%; download-log.js churn 222% (frontend) (moved from app/frontend/app/controllers/download-log.js); logs.hbs churn 115% (frontend); 1/1 routes are upstream actions),none,spec/controllers/api/logs_controller_spec.rb; spec/lib/exporter_spec.rb,agent: progress and export content checkable,none (read-only),5,yes: communicator usage logs or utterances,TODO or FIXME in code; commented-out code,"AGENT-REPORTED: static read by an inventory agent; citations bounds-checked, content not re-read by the author",,GET /api/v1/logs/obl api/logs#obl,user.logs:/logs
DATA-08,"Logs, reports, goals & lessons","LAM report view of a session log (nonce link, no login)",anonymous; communicator; supervisor-SLP,user.log 'View LAM Report' app/frontend/app/templates/user/log.hbs:617; app/frontend/app/controllers/user/log.js:289-290,"api/logs#lam app/controllers/api/logs_controller.rb:288 (no api token, :2; nonce match :290); Stats.lam lib/stats.rb:1239",heavily modified (vs sweet-suite mirror 55aaa8a: logs_controller.rb churn 56%; stats.rb churn 6%; log.js churn 64% (frontend); 1/1 routes are upstream actions),none,spec/controllers/api/logs_controller_spec.rb; spec/lib/stats_spec.rb,agent: nonce check and output testable,writes,5,yes: communicator usage logs or utterances,,"AGENT-REPORTED: static read by an inventory agent; citations bounds-checked, content not re-read by the author",,GET /api/v1/logs/:log_id/lam api/logs#lam,user.log:/logs/:log_id
DATA-09,"Logs, reports, goals & lessons",Log import (OBL/LAM file upload) and manual log session entry,communicator; supervisor-SLP,user.logs Add > Import Session(s) / Manually Add Session app/frontend/app/templates/user/logs.hbs:144-149; upload handler app/frontend/app/services/content-grabbers.js:3189; app/frontend/app/controllers/user/logs.js:220-243; LingoLinq.Log.import app/frontend/app/models/log.js:345-350,api/logs#import app/controllers/api/logs_controller.rb:243 (supervise :246); Exporter.process_log lib/exporter.rb:528 (SafeHttp.get on url :531),heavily modified (vs sweet-suite mirror 55aaa8a: logs_controller.rb churn 56%; exporter.rb churn 11%; logs.js churn 44% (frontend); log.js churn 42% (frontend); manual-log.js churn 526% (frontend) (moved from app/frontend/app/controllers/modals/manual-log.js); 1/1 routes are upstream actions),none; Add menu gated by currently_premium_or_premium_supporter (logs.hbs:134),spec/controllers/api/logs_controller_spec.rb; spec/lib/exporter_spec.rb,agent: import processing testable with fixture files,writes,5,yes: communicator usage logs or utterances,,"AGENT-REPORTED: static read by an inventory agent; citations bounds-checked, content not re-read by the author",,POST /api/v1/logs/import api/logs#import,user.logs:/logs
DATA-10,"Logs, reports, goals & lessons",Logging access code: verify code and unlock logs beyond the logging cutoff,communicator; supervisor-SLP,preferences check app/frontend/app/controllers/user/preferences.js:1310-1318; unlock form on logs page app/frontend/app/templates/user/logs.hbs:63-72 (header X-Logging-Code-For sent by app/frontend/app/utils/extras.js:272),"api/logs#code_check app/controllers/api/logs_controller.rb:184 (supervise :187); cutoff via logging_code_for :4 and effective_logging_cutoff_for :85,:203",heavily modified (vs sweet-suite mirror 55aaa8a: logs_controller.rb churn 56%; preferences.js churn 51% (frontend); logs.js churn 44% (frontend); extras.js churn 62% (frontend); 1/1 routes are upstream actions),none,spec/controllers/api/logs_controller_spec.rb; app/frontend/tests/controllers/user/preferences-test.js,agent: cutoff and code behaviour testable via API,none (read-only),5,yes: communicator usage logs or utterances,,"AGENT-REPORTED: static read by an inventory agent; citations bounds-checked, content not re-read by the author",,POST /api/v1/logs/code_check api/logs#code_check,user.logs:/logs
DATA-11,"Logs, reports, goals & lessons",Clear all logs (flush a communicator's logs after typing the user name),communicator; supervisor-SLP,"user.logs 'Clear All Logs' app/frontend/app/templates/user/logs.hbs:156; app/frontend/app/components/confirm-delete-logs.js:65-75; also app/frontend/app/controllers/user/logs.js:218, app/frontend/app/controllers/user/preferences.js:1379, app/frontend/app/components/confirm-delete-logs.js:71",api/users#flush_logs app/controllers/api/users_controller.rb:464 (delete permission :466; user_name and id confirm :467; AuditEvent :469),heavily modified (vs sweet-suite mirror 55aaa8a: users_controller.rb churn 76%; flusher.rb churn 131%; confirm-delete-logs.js churn 285% (frontend) (moved from app/frontend/app/controllers/confirm-delete-logs.js); logs.hbs churn 115% (frontend); 1/1 routes are upstream actions),none,spec/controllers/api/users_controller_spec.rb; app/frontend/tests/controllers/confirm-delete-logs-test.js,agent: flush and audit event checkable,destructive,5,yes: communicator usage logs or utterances; audit or compliance records,,"AGENT-REPORTED: static read by an inventory agent; citations bounds-checked, content not re-read by the author",,POST /api/v1/users/:user_id/flush/logs api/users#flush_logs,user.logs:/logs
DATA-12,"Logs, reports, goals & lessons","Usage reports page (date/device/location filters, compare two periods, word usage, heat map, time of day, parts of speech, sankey word pairs, devices, geo and IP locations, word cloud, word detail)",communicator; supervisor-SLP; org-admin,"user.stats, app/frontend/app/routes/user/stats.js:47-62; app/frontend/app/templates/user/stats.hbs:49-52 (gates); app/frontend/app/controllers/user/stats.js:274-343; also app/frontend/app/controllers/user/stats.js:343",api/users#daily_stats app/controllers/api/users_controller.rb:1033 (supervise only :1035); Stats.cached_daily_use lib/stats.rb:5,heavily modified (vs sweet-suite mirror 55aaa8a: users_controller.rb churn 76%; stats.rb churn 6%; stats.js churn 178% (frontend); stats.js churn 66% (frontend); stats.hbs churn 326% (frontend); stats.js churn 7% (frontend); word-data.js churn 128% (frontend) (moved from app/frontend/app/controllers/word-data.js); word-cloud.js absent; 2/2 routes are upstream actions),"none read; premium: template gate currently_premium (app/frontend/app/templates/user/stats.hbs:51) plus client check (app/frontend/app/controllers/user/stats.js:277); server daily_stats checks supervise only, no premium",spec/controllers/api/users_controller_spec.rb; spec/lib/stats_spec.rb; app/frontend/tests/controllers/user/stats-test.js; app/frontend/tests/utils/stats-test.js,both: data via API; chart rendering needs visual check,none (read-only),5,yes: communicator usage logs or utterances; location,no UI entry (API only),ASSUMED: the row text itself marks part of the claim as inferred or not verified,,GET /api/v1/users/:user_id/stats/daily api/users#daily_stats | GET /api/v1/users/:user_id/stats/hourly api/users#hourly_stats,user.stats:/stats
DATA-13,"Logs, reports, goals & lessons","Communication progress summary on Reports (KPI cards, primary insight, trend, comparison basis)",communicator; supervisor-SLP,"user.stats, app/frontend/app/controllers/user/stats.js:69-107 (report_summary)",none (client-only) over users#daily_stats app/controllers/api/users_controller.rb:1033,heavily modified (vs sweet-suite mirror 55aaa8a: stats.js churn 66% (frontend); stats.hbs churn 326% (frontend); report_summary.js absent),none; same premium gate as reports (stats.hbs:51),app/frontend/tests/unit/utils/report-summary-test.js,both: derivation by unit test; clinical meaning of insights needs human judgment,none (read-only),5,yes: communicator usage logs or utterances,,"AGENT-REPORTED: static read by an inventory agent; citations bounds-checked, content not re-read by the author",,,user.stats:/stats
DATA-14,"Logs, reports, goals & lessons","Core word reports (core list, core/fringe coverage, modify core word list)",communicator; supervisor-SLP,"user.stats <Stats::CoreList> app/frontend/app/templates/user/stats.hbs:313-315; load_core app/frontend/app/controllers/user/stats.js:231-245; modify_core :529-535; also app/frontend/app/templates/user/preferences.hbs:1072, app/frontend/app/components/modify-core-words.js:153, app/frontend/app/controllers/user/stats.js:239, app/frontend/app/components/word-data.js:60",api/users#core_lists app/controllers/api/users_controller.rb:997 (model :1002); update_core_list :1010 (edit :1013),heavily modified (vs sweet-suite mirror 55aaa8a: users_controller.rb churn 76%; word_data.rb churn 26%; stats.js churn 66% (frontend); modify-core-words.js churn 118% (frontend) (moved from app/frontend/app/controllers/modify-core-words.js); core-list.js churn 70% (frontend); word-data.js churn 128% (frontend) (moved from app/frontend/app/controllers/word-data.js); 2/2 routes are upstream actions),"core_reports (code: ENABLED_FRONTEND_FEATURES, lib/feature_flags.rb:119) but NOT READ anywhere",spec/controllers/api/users_controller_spec.rb,agent: core list data testable,writes,5,yes: communicator usage logs or utterances,TODO or FIXME in code; flag never read,"ASSUMED: components/stats/core-list.js path inferred from <Stats::CoreList>, not opened",,GET /api/v1/users/:user_id/core_lists api/users#core_lists | PUT /api/v1/users/:user_id/core_list api/users#update_core_list,user.stats:/stats
DATA-15,"Logs, reports, goals & lessons",Enable usage logging / geolocation logging from Reports (opt-in),communicator; supervisor-SLP,user.stats enable_logging app/frontend/app/controllers/user/stats.js:453-464; enable_geo_logging :465-475 via app/frontend/app/components/stats/geo-disabled.hbs:5,user preferences save (users#update),upstream sweet-suite (vs sweet-suite mirror 55aaa8a: stats.js churn 66% (frontend); enable-logging.js churn 229% (frontend) (moved from app/frontend/app/controllers/enable-logging.js); geo-disabled.hbs churn 143% (frontend) (moved from app/frontend/app/templates/components/stats/geo-disabled.hbs)),none,app/frontend/tests/controllers/user/stats-test.js,agent: preference flip testable,writes,5,"yes: communicator usage logs or utterances; age, consent or guardian data; location",,ASSUMED: stats-test.js coverage of enable_logging not confirmed,,,user.stats:/stats
DATA-16,"Logs, reports, goals & lessons","Report snapshots (saved named report filters: date range, device, location)",communicator; supervisor-SLP,"user.stats save_snapshot app/frontend/app/controllers/user/stats.js:536-543; load_snapshots :246-266; app/frontend/app/components/save-snapshot.js:92,136",api/snapshots#index app/controllers/api/snapshots_controller.rb:4 (supervise :7); #create :14 (edit :19); #show :28; #update :35; #destroy :48; LogSnapshot fields app/models/log_snapshot.rb:26,upstream sweet-suite (vs sweet-suite mirror 55aaa8a: snapshots_controller.rb churn 24%; log_snapshot.rb churn 6%; snapshot.rb churn 0%; save-snapshot.js churn 259% (frontend) (moved from app/frontend/app/controllers/save-snapshot.js); stats.js churn 66% (frontend); 6/6 routes are upstream actions),"snapshots (code: ENABLED_FRONTEND_FEATURES, lib/feature_flags.rb:117) but NOT READ anywhere",spec/controllers/api/snapshots_controller_spec.rb; spec/models/log_snapshot_spec.rb; spec/lib/json_api/snapshot_spec.rb; app/frontend/tests/models/snapshot-test.js,agent: CRUD testable via API,destructive,5,yes: location,no UI entry (API only); flag never read,"AGENT-REPORTED: static read by an inventory agent; citations bounds-checked, content not re-read by the author",,GET /api/v1/snapshots api/snapshots#index | POST /api/v1/snapshots api/snapshots#create | GET /api/v1/snapshots/:id api/snapshots#show | PATCH /api/v1/snapshots/:id api/snapshots#update | PUT /api/v1/snapshots/:id api/snapshots#update | DELETE /api/v1/snapshots/:id api/snapshots#destroy,user.stats:/stats
DATA-17,"Logs, reports, goals & lessons",Public anonymized trends page (aggregate word/device/usage trends; admin internal metrics),anonymous; communicator; supervisor-SLP; org-admin; system,"trends, app/frontend/app/routes/trends.js:5; app/frontend/app/controllers/trends.js:15-32; admin toggle app/frontend/app/templates/trends.hbs:150","api/logs#trends app/controllers/api/logs_controller.rb:364 (admin block only with admin_support_actions :365,:373-376); WeeklyStatsSummary.trends app/models/weekly_stats_summary.rb:1055",heavily modified (vs sweet-suite mirror 55aaa8a: logs_controller.rb churn 56%; weekly_stats_summary.rb churn 0%; trends.js churn 12% (frontend); trends.js churn 10% (frontend); trends.hbs churn 56% (frontend); 1/1 routes are upstream actions),none,spec/controllers/api/logs_controller_spec.rb; spec/models/weekly_stats_summary_spec.rb,agent: admin-field stripping testable,none (read-only),8,yes: communicator usage logs or utterances,no UI entry (API only),"AGENT-REPORTED: static read by an inventory agent; citations bounds-checked, content not re-read by the author",,GET /api/v1/logs/trends api/logs#trends,trends:/trends
DATA-18,"Logs, reports, goals & lessons","Trends slice for research integrations (developer key, 5-10 obfuscated users per request, quota)",anonymous; system,none (API/background only),api/logs#trends_slice app/controllers/api/logs_controller.rb:381 (DeveloperKey plus ui.settings['allow_trends'] :384-386; 5-10 ids :388; per-id quota :401; allow_log_reports only :415),heavily modified (vs sweet-suite mirror 55aaa8a: logs_controller.rb churn 56%; weekly_stats_summary.rb churn 0%; webhook.rb churn 12%; 1/1 routes are upstream actions),none (per-integration allow_trends setting),spec/controllers/api/logs_controller_spec.rb,agent: API spec,none (read-only),8,yes: communicator usage logs or utterances,TODO or FIXME in code,"AGENT-REPORTED: static read by an inventory agent; citations bounds-checked, content not re-read by the author",,GET /api/v1/logs/trends_slice api/logs#trends_slice,
DATA-19,"Logs, reports, goals & lessons",Anonymous research log bundle (monthly zip of opted-in users' anonymized logs),anonymous; system,none (API/background only),"api/logs#anonymous_logs app/controllers/api/logs_controller.rb:442 (schedules LogSession.anonymous_logs, cached 3 days :448); app/models/log_session.rb:2161",heavily modified (vs sweet-suite mirror 55aaa8a: logs_controller.rb churn 56%; log_session.rb churn 12%; exporter.rb churn 11%; 1/1 routes are upstream actions),none (user prefs allow_log_reports and allow_log_publishing),spec/controllers/api/logs_controller_spec.rb; spec/models/log_session_spec.rb,agent: API and model spec,none (read-only),8,yes: communicator usage logs or utterances,no UI entry (API only),"AGENT-REPORTED: static read by an inventory agent; citations bounds-checked, content not re-read by the author",pii-scrubber-pseudonymization,GET /api/v1/logs/anonymous_logs api/logs#anonymous_logs,
DATA-20,"Logs, reports, goals & lessons","Communicator goals list and create goal (new, or from a template via browse)",anonymous; communicator; supervisor-SLP; org-admin,"user.goals, app/frontend/app/routes/user/goals.js:10-14; app/frontend/app/templates/user/goals.hbs:3 (premium gate), :13 (set_goals); add_goal/find_goal app/frontend/app/controllers/user/goals.js:77-79,119-121",api/goals#index app/controllers/api/goals_controller.rb:4 (supervise :31; templates need delete :35); #create :53 (set_goals :60; template_header strip unless admin org edit :66-70),upstream sweet-suite (vs sweet-suite mirror 55aaa8a: goals_controller.rb churn 37%; user_goal.rb churn 8%; goal.rb churn 0%; goals.js churn 0% (frontend); goals.js churn 26% (frontend); goals.hbs churn 538% (frontend); new-goal.js churn 134% (frontend) (moved from app/frontend/app/controllers/new-goal.js); 2/2 routes are upstream actions),"goals (code: ENABLED_FRONTEND_FEATURES, lib/feature_flags.rb:118); read only for badge notifications app/models/user_badge.rb:91; premium: template gate currently_premium (app/frontend/app/templates/user/goals.hbs:3), no server premium check",spec/controllers/api/goals_controller_spec.rb; spec/models/user_goal_spec.rb; spec/lib/json_api/goal_spec.rb; app/frontend/tests/models/goal-test.js,agent: CRUD and permissions via API,destructive,5,yes: clinical or evaluation data,TODO or FIXME in code,"AGENT-REPORTED: static read by an inventory agent; citations bounds-checked, content not re-read by the author",,GET /api/v1/goals api/goals#index | POST /api/v1/goals api/goals#create,user.goals:/goals
DATA-21,"Logs, reports, goals & lessons","Goal detail: edit, status tracking, linked notes/assessments/logs, video status, badge levels, delete",communicator; supervisor-SLP; org-admin,"user.goal, app/frontend/app/routes/user/goal.js:9-35; app/frontend/app/controllers/user/goal.js:13-21 (linked logs), :142-150 (save); video app/frontend/app/templates/user/goal.hbs:126",api/goals#show app/controllers/api/goals_controller.rb:46 (view :49); #update :80 (comment :83; non-editors limited to comment :87-89); #destroy :99 (edit :102); logs by goal_id app/controllers/api/logs_controller.rb:138-145,upstream sweet-suite (vs sweet-suite mirror 55aaa8a: goals_controller.rb churn 37%; user_goal.rb churn 8%; goal.js churn 6% (frontend); goal.js churn 28% (frontend); goal.hbs churn 162% (frontend); 4/4 routes are upstream actions),goals (see above); no premium gate on user/goal.hbs,spec/controllers/api/goals_controller_spec.rb; spec/models/user_goal_spec.rb,agent: API; video capture needs a human,destructive,5,yes: clinical or evaluation data,stub,"AGENT-REPORTED: static read by an inventory agent; citations bounds-checked, content not re-read by the author",,GET /api/v1/goals/:id api/goals#show | PATCH /api/v1/goals/:id api/goals#update | PUT /api/v1/goals/:id api/goals#update | DELETE /api/v1/goals/:id api/goals#destroy,user.goal:/goals/:goal_id
DATA-22,"Logs, reports, goals & lessons",Public goal library and template sequences (browse templates; admins create public goals),anonymous; communicator; supervisor-SLP; system,"goals, app/frontend/app/routes/goals/index.js:5; app/frontend/app/templates/goals/index.hbs:1,41,198-199 (admin New Public Goal); goals.goal app/frontend/app/routes/goals/goal.js:8-19; app/frontend/app/templates/goals/goal.hbs:360-363","api/goals#index template_header no-auth app/controllers/api/goals_controller.rb:5-18, global :19, template_header_id :22-27; #create/#update with allow_global via admin org :72,:91-92; template edit perms app/models/user_goal.rb:28",upstream sweet-suite (vs sweet-suite mirror 55aaa8a: goals_controller.rb churn 37%; user_goal.rb churn 8%; index.js churn 65% (frontend); goal.js churn 26% (frontend); index.hbs churn 80% (frontend); goal.hbs churn 75% (frontend); 6/6 routes are upstream actions),none read,spec/controllers/api/goals_controller_spec.rb,agent: API,writes,5,no,,"ASSUMED: whether non-admin users can open goals.goal for a template (show requires 'view', user_goal.rb:19-28) not verified",,GET /api/v1/goals api/goals#index | POST /api/v1/goals api/goals#create | GET /api/v1/goals/:id api/goals#show | PATCH /api/v1/goals/:id api/goals#update | PUT /api/v1/goals/:id api/goals#update | DELETE /api/v1/goals/:id api/goals#destroy,goals:/goals | goals.goal:/:goal_id
DATA-23,"Logs, reports, goals & lessons","Badges page (earned and in-progress badges; highlight, hide, view badge)",communicator; supervisor-SLP,"user.badges, app/frontend/app/routes/user/badges.js:10-14; app/frontend/app/templates/user/badges.hbs:3 (premium gate); app/frontend/app/controllers/user/badges.js:51-66","api/badges#index app/controllers/api/badges_controller.rb:4 (view_detailed :7; modeling-only exclusion :8,:226-243; non-supervisors limited to highlighted :9-11; recent branch per-supervisee check :27); #show :76; #update :87 (edit :90)",heavily modified (vs sweet-suite mirror 55aaa8a: badges_controller.rb churn 154%; user_badge.rb churn 3%; badge.rb churn 5%; badges.js churn 0% (frontend); badges.js churn 88% (frontend); badges.hbs churn 177% (frontend); 4/4 routes are upstream actions),"badge_progress (code: ENABLED_FRONTEND_FEATURES, lib/feature_flags.rb:120) but NOT READ; premium: template gate currently_premium (app/frontend/app/templates/user/badges.hbs:3)",spec/controllers/api/badges_controller_spec.rb; spec/models/user_badge_spec.rb; spec/lib/json_api/badge_spec.rb; app/frontend/tests/models/badge-test.js,agent: API permission matrix,writes,5,yes: clinical or evaluation data,dead or orphaned route or code; flag never read,"AGENT-REPORTED: static read by an inventory agent; citations bounds-checked, content not re-read by the author",,GET /api/v1/badges api/badges#index | GET /api/v1/badges/:id api/badges#show | PATCH /api/v1/badges/:id api/badges#update | PUT /api/v1/badges/:id api/badges#update,user.badges:/badges
DATA-24,"Logs, reports, goals & lessons",Badge progress indicator and badge-awarded notifications (background badge checks),communicator; supervisor-SLP; system,speak-mode header app/frontend/app/templates/application.hbs:261-263 (BadgeEarned/BadgeProgress); caseload app/frontend/app/templates/caseload.hbs:596; app/frontend/app/components/badge-progress.js:74; also app/frontend/app/templates/user/preferences.hbs:202-204,"UserBadge.check_for app/models/user_badge.rb:189 scheduled from app/models/remote_action.rb:35; notify listeners app/models/user_badge.rb:84-95 (goals flag :91); also weekly_stats_summary.rb:12-18, user_badge.rb:189, user_badge.rb:74, user.rb:4261-4271",heavily modified (vs sweet-suite mirror 55aaa8a: user_badge.rb churn 3%; remote_action.rb churn 0%; weekly_stats_summary.rb churn 0%; user.rb churn 156%; user_mailer.rb churn 90%; badge-progress.js churn 52% (frontend); badge-earned.js churn 63% (frontend); badge-awarded.js churn 146% (frontend) (moved from app/frontend/app/controllers/badge-awarded.js)),goals read at app/models/user_badge.rb:91 (code: ENABLED_FRONTEND_FEATURES),spec/models/user_badge_spec.rb,both: award logic by spec; notification display and delivery needs a human,external-send,5,yes: user data,,"AGENT-REPORTED: static read by an inventory agent; citations bounds-checked, content not re-read by the author",,,
DATA-25,"Logs, reports, goals & lessons",Goal auto-advance (scheduled rollover of template or sequence goals),communicator; supervisor-SLP; system,none (API/background only),"UserGoal.advance_goals app/models/user_goal.rb:717-722 (sequences need any_premium_or_grace_period :720); scheduler lib/tasks/scheduler.rake:134-135; also user_goal.rb:717-722, scheduler.rake:134-137",heavily modified (vs sweet-suite mirror 55aaa8a: user_goal.rb churn 8%; scheduler.rake churn 367%),none; premium: any_premium_or_grace_period? for templated goals (user_goal.rb:720),spec/models/user_goal_spec.rb,agent: model spec,none (read-only),5,yes: clinical or evaluation data,,"AGENT-REPORTED: static read by an inventory agent; citations bounds-checked, content not re-read by the author",,,
DATA-26,"Logs, reports, goals & lessons",Periodic log summary email to communicators and supervisors; hourly log push and merger jobs,communicator; supervisor-SLP; system,app/frontend/app/templates/user/preferences.hbs:196-198 (Usage Summaries frequency),"LogSession.generate_log_summaries app/models/log_session.rb:2069 -> user.notify('log_summary') :2093; UserMailer#log_summary app/mailers/user_mailer.rb:106; scheduler lib/tasks/scheduler.rake:118-131; also log_session.rb:2069-2105, log_session.rb:2046-2067, user.rb:4256-4259, user_mailer.rb:106-224",heavily modified (vs sweet-suite mirror 55aaa8a: log_session.rb churn 12%; user_mailer.rb churn 90%; log_summary.html.erb churn 11%; scheduler.rake churn 367%; user.rb churn 156%; stats.rb churn 6%; preferences.hbs churn 62% (frontend)),none; push targets gated by any_premium_or_grace_period (log_session.rb:2047),spec/models/log_session_spec.rb; spec/mailers/user_mailer_spec.rb,human: email delivery and content,external-send,5,yes: communicator usage logs or utterances; account identity or contact details,TODO or FIXME in code,"AGENT-REPORTED: static read by an inventory agent; citations bounds-checked, content not re-read by the author",,,
DATA-27,"Logs, reports, goals & lessons","User recordings library (recorded button sounds: play, transcript, edit, delete, batch record)",communicator; supervisor-SLP,"user.recordings, app/frontend/app/routes/user/recordings.js:11-15; app/frontend/app/templates/user/recordings.hbs:1-3 (modeling-only blocked, supervise required); app/frontend/app/controllers/user/recordings.js:17-26,64-96",api/sounds (index app/controllers/api/sounds_controller.rb:5; related routes); transcription app/models/button_sound.rb:44-49,upstream sweet-suite (vs sweet-suite mirror 55aaa8a: sounds_controller.rb churn 35%; button_sound.rb churn 15%; recordings.js churn 0% (frontend); recordings.js churn 48% (frontend); recordings.hbs churn 91% (frontend)),"audio_recordings (code: ENABLED_FRONTEND_FEATURES, lib/feature_flags.rb:120) but NOT READ; no premium gate",spec/controllers/api/sounds_controller_spec.rb,human: audio recording and playback on a device,destructive,2,yes: audio or video recordings; AI processing; organization roster or membership; board content,flag never read,"AGENT-REPORTED: static read by an inventory agent; citations bounds-checked, content not re-read by the author",no-voiceprints,,user.recordings:/recordings
DATA-28,"Logs, reports, goals & lessons","My trainings list (assigned lessons, completion status, rating face, launch)",anonymous; supervisor-SLP; org-admin,"user.lessons, app/frontend/app/routes/user/lessons.js:10-13; app/frontend/app/templates/user/lessons.hbs:17-36; launch app/frontend/app/controllers/user/lessons.js:67-73; dashboard Extras card app/frontend/app/components/dashboard/authenticated-view.js:1200","lessons come from user payload (app/frontend/app/models/user.js:156,560); api/lessons#index app/controllers/api/lessons_controller.rb:3 (user_id supervise :7; completion :37)",heavily modified (vs sweet-suite mirror 55aaa8a: lessons_controller.rb churn 38%; lesson.rb churn 16%; lessons.js churn 132% (frontend); lessons.hbs churn 73% (frontend); lessons.js absent; 1/1 routes are upstream actions),"lessons (code: ENABLED_FRONTEND_FEATURES, lib/feature_flags.rb:125) read at app/frontend/app/controllers/user/lessons.js:24 and authenticated-view.js:1200; premium: Extras card needs currently_premium_or_fully_purchased (authenticated-view.js:1200)",spec/controllers/api/lessons_controller_spec.rb; spec/models/lesson_spec.rb,agent: list and flag gating,none (read-only),7,no,stub,"AGENT-REPORTED: static read by an inventory agent; citations bounds-checked, content not re-read by the author",,GET /api/v1/lessons api/lessons#index,user.lessons:/lessons
DATA-29,"Logs, reports, goals & lessons",Lesson launch page by share link and completion rating,anonymous; supervisor-SLP; org-admin,"lesson, app/frontend/app/routes/lesson.js:76-91 (expired-link handling); app/frontend/app/controllers/lesson.js:101-110 (complete)",boards#lesson app/controllers/boards_controller.rb:98-108; api/lessons#show app/controllers/api/lessons_controller.rb:73 (nonce or allows? view :148-149; withhold content :156); #complete :115 (nonce :119; share token :122); also app/controllers/boards_controller.rb:98,heavily modified (vs sweet-suite mirror 55aaa8a: lessons_controller.rb churn 38%; boards_controller.rb churn 60%; lesson.rb churn 16%; lesson.js churn 789% (frontend); lesson.js churn 48% (frontend); lesson.hbs churn 114% (frontend); 3/3 routes are upstream actions),none on page,spec/controllers/api/lessons_controller_spec.rb; app/frontend/tests/acceptance/lesson_expired_test.js; spec/controllers/boards_controller_spec.rb,both: API; video/embedded lesson playback needs a human,writes,7,no,,"AGENT-REPORTED: static read by an inventory agent; citations bounds-checked, content not re-read by the author",,GET /lessons/:lesson_id/:lesson_code/:user_token boards#lesson | POST /api/v1/lessons/:lesson_id/complete api/lessons#complete | GET /api/v1/lessons/:id api/lessons#show,lesson:/lessons/:lesson_id/:lesson_code/:user_token
DATA-30,"Logs, reports, goals & lessons","Org and unit lesson management (create, edit, assign to users/org/room, unassign, history)",anonymous; supervisor-SLP; org-admin,"organization.lessons app/frontend/app/controllers/organization/lessons.js:17,188; app/frontend/app/components/assign-lesson.js:82-120; room unassign app/frontend/app/controllers/confirm-delete-unit.js:39","api/lessons#index org/unit :3 (edit :16,:22); #create :41 (org/unit edit or user supervise :48-58; auto-assign :64); #update :105 (edit :108); #assign :130; #unassign :155",heavily modified (vs sweet-suite mirror 55aaa8a: lessons_controller.rb churn 38%; lesson.rb churn 16%; lesson.rb churn 87%; lessons.js churn 20% (frontend); assign-lesson.js churn 203% (frontend) (moved from app/frontend/app/controllers/modals/assign-lesson.js); 6/6 routes are upstream actions),lessons read at app/frontend/app/templates/organization.hbs:25,spec/controllers/api/lessons_controller_spec.rb; spec/models/lesson_spec.rb; spec/lib/json_api/lesson_spec.rb,agent: API,writes,7,no,no UI entry (API only),"AGENT-REPORTED: static read by an inventory agent; citations bounds-checked, content not re-read by the author",,GET /api/v1/lessons api/lessons#index | POST /api/v1/lessons api/lessons#create | PATCH /api/v1/lessons/:id api/lessons#update | PUT /api/v1/lessons/:id api/lessons#update | POST /api/v1/lessons/:lesson_id/assign api/lessons#assign | POST /api/v1/lessons/:lesson_id/unassign api/lessons#unassign,
DATA-31,"Logs, reports, goals & lessons",Lesson recent list and lesson delete (broken stubs),org-admin,none (API/background only),api/lessons#recent app/controllers/api/lessons_controller.rb:68-71 (empty body); api/lessons#destroy :180-184,upstream sweet-suite (vs sweet-suite mirror 55aaa8a: lessons_controller.rb churn 38%; 2/2 routes are upstream actions),none,NONE,agent: API call shows failure,destructive,7,no,stub; dead or orphaned route or code,"AGENT-REPORTED: static read by an inventory agent; citations bounds-checked, content not re-read by the author",,GET /api/v1/lessons/:lesson_id/recent api/lessons#recent | DELETE /api/v1/lessons/:id api/lessons#destroy,
NEW-01,"LingoLinq-new: AI, clinical eval, multilingual, beta","Quick Screen Eval: intake, screening subtests, recommendation report, save as eval log",supervisor-SLP,Caseload tile 'Quick Screen Eval' app/frontend/app/templates/caseload.hbs:323-324 -> eval.quick app/frontend/app/routes/eval/quick.js:13-29 -> <EvalQuickScreen> app/frontend/app/templates/eval/quick.hbs:1,"none for scoring: done client-side in app/frontend/app/utils/eval_recommend.js (mirrors lib/eval_recommend.rb). Save goes to POST /api/v1/logs with log_type 'eval' (app/frontend/app/utils/eval_session.js:206,233; logs#create is not in this slice). Offline it falls back to stashes.log_event (eval_session.js:236-237)",LingoLinq-new (vs sweet-suite mirror 55aaa8a: quick.js absent; quick.js absent; quick.hbs absent; eval-quick-screen.js absent; eval-quick-screen.hbs absent; eval-quick-intake.js absent; eval-quick-runner.js absent; eval-quick-item.js absent; eval-quick-report.js absent; eval-page-set-card.js absent; eval_session.js absent; eval_recommend.js absent; eval_items.js absent; caseload.hbs absent),"quick_screen_eval (code: ENABLED_FRONTEND_FEATURES lib/feature_flags.rb:127), read at app/frontend/app/templates/caseload.hbs:313,323 and app/frontend/app/routes/eval/quick.js:17. eval_single_library (code: ENABLED lib/feature_flags.rb:126), read at app/frontend/app/utils/eval_session.js:170 and app/frontend/app/components/eval-quick-report.js:154-155. No premium gate.",app/frontend/tests/unit/utils/eval-session-test.js; app/frontend/tests/unit/utils/eval-recommend-test.js; app/frontend/tests/unit/utils/eval-auto-score-test.js,both: agent can check the saved log payload; a human is needed for touch subtests on a tablet and for the clinical sense of the recommendation,writes,6,yes: communicator usage logs or utterances; clinical or evaluation data,,"AGENT-REPORTED: static read by an inventory agent; citations bounds-checked, content not re-read by the author",,,eval:/eval | eval.quick:/quick/:user_id
NEW-02,"LingoLinq-new: AI, clinical eval, multilingual, beta",Quick Eval: build starter board from the recommendation,supervisor-SLP,"'Build starter board' on the Quick Screen report, app/frontend/app/components/eval-quick-report.js:222","POST /api/v1/boards at eval-quick-report.js:242 (boards#create, owned by the boards agent)",LingoLinq-new (vs sweet-suite mirror 55aaa8a: eval-quick-report.js absent; eval-quick-report.hbs absent; eval_board_builder.js absent),"quick_screen_eval (code: ENABLED lib/feature_flags.rb:127), gated by the route at app/frontend/app/routes/eval/quick.js:17",NONE,both: agent can check that the board is created; a human judges whether the layout suits the child,writes,6,yes: clinical or evaluation data; board content,,"ASSUMED: header comment read only and the ajax call site, not the payload builder",,,
NEW-03,"LingoLinq-new: AI, clinical eval, multilingual, beta","Targeted Eval: promote from Quick Screen (3-way library comparison, access co-trial, motor map)",supervisor-SLP,"'Promote to Targeted' on the report, app/frontend/app/components/eval-quick-screen.js:107-113 -> <EvalTargetedRunner> app/frontend/app/components/eval-quick-screen.hbs:29-31",none (client-side). Log is saved as in the Quick Screen row. Server mirror EvalRecommend.from_targeted is at lib/eval_recommend.rb:67,LingoLinq-new (vs sweet-suite mirror 55aaa8a: eval-targeted-runner.js absent; eval-quick-screen.js absent; eval_recommend.js absent; eval_grid_sweep.js absent; eval_access_detect.js absent; eval_recommend.rb absent),quick_screen_eval (code: ENABLED lib/feature_flags.rb:127),app/frontend/tests/unit/utils/eval-recommend-targeted-test.js; spec/lib/eval_recommend_spec.rb,human: needs touch or switch access trials and clinical judgment,writes,6,yes: clinical or evaluation data,,"AGENT-REPORTED: static read by an inventory agent; citations bounds-checked, content not re-read by the author",,,
NEW-04,"LingoLinq-new: AI, clinical eval, multilingual, beta","Comprehensive Eval (dynamic assessment, literacy probe, SETT form) with AI-drafted SLP narrative",supervisor-SLP,"'Promote to Comprehensive', app/frontend/app/components/eval-quick-screen.js:117-122 -> <EvalComprehensiveRunner>. 'Generate AI Narrative' is at app/frontend/app/components/eval-comprehensive-runner.js:335-400","api/eval_sessions#narrate app/controllers/api/eval_sessions_controller.rb:43-97 -> EvalNarrator.draft_narrative lib/eval_narrator.rb:100-121. Egress only when use_anthropic is true (controller.rb:73-74) AND the student passes EvalNarrator.ai_allowed_for? (eval_narrator.rb:146-151: COPPA, EU under-16, org opt-out). Otherwise it returns the deterministic template with no external call. Requester must supervise the student (controller.rb:58-61). Art. 50(1) backstop at controller.rb:84",LingoLinq-new (vs sweet-suite mirror 55aaa8a: log_session.rb churn 12%; eval_sessions_controller.rb absent; eval_narrator.rb absent; eval_narrator_model_allowlist.rb absent; eval-comprehensive-runner.js absent; eval-comprehensive-runner.hbs absent; 0/1 routes are upstream actions),"comprehensive_eval_ai (code: AVAILABLE only, off; lib/feature_flags.rb:26), read at app/controllers/api/eval_sessions_controller.rb:112 (via ai_feature_enabled_for? on the SLP) and app/frontend/app/components/eval-comprehensive-runner.js:68-69. It is in AI_FEATURES (lib/feature_flags.rb:173-174) but not in USER_PREF_AI_FEATURES, so it follows the ai_features_enabled master pref",spec/controllers/api/eval_sessions_controller_spec.rb; spec/lib/eval_narrator_spec.rb; spec/controllers/article_50_disclosure_backstop_coverage_spec.rb; app/frontend/tests/unit/utils/eval-recommend-comprehensive-test.js; app/frontend/tests/unit/utils/eval-prompt-hierarchy-test.js,"both: agent can check the flag, consent and template-fallback paths by API; a human judges narrative quality",external-send,6,yes: communicator usage logs or utterances; clinical or evaluation data; AI processing; audit or compliance records,,"AGENT-REPORTED: static read by an inventory agent; citations bounds-checked, content not re-read by the author",ai-features-anthropic,POST /api/v1/eval_sessions/narrate api/eval_sessions#narrate,
NEW-05,"LingoLinq-new: AI, clinical eval, multilingual, beta",Eval protocol catalog API (static and org-scoped protocol templates),supervisor-SLP; system,none (API/background only): no frontend caller of /api/v1/eval_protocols found,"api/eval_protocols#index app/controllers/api/eval_protocols_controller.rb:4-20 (supervise check when user_id is given, line 8); #show :22-28 (allowed? view). Model is EvalProtocol.static_templates / find_by_code, app/models/eval_protocol.rb:59,71",LingoLinq-new (vs sweet-suite mirror 55aaa8a: eval_protocols_controller.rb absent; eval_protocol.rb absent; 0/2 routes are upstream actions),"quick_screen_eval (code: ENABLED lib/feature_flags.rb:127), read at app/controllers/api/eval_protocols_controller.rb:33",spec/controllers/api/eval_protocols_controller_spec.rb; spec/models/eval_protocol_spec.rb,agent: pure API,none (read-only),6,no,no UI entry (API only),"AGENT-REPORTED: static read by an inventory agent; citations bounds-checked, content not re-read by the author",,GET /api/v1/eval_protocols api/eval_protocols#index | GET /api/v1/eval_protocols/:id api/eval_protocols#show,
NEW-06,"LingoLinq-new: AI, clinical eval, multilingual, beta",Server-side Quick Screen recommendation API (plus legacy eval_recommend alias),supervisor-SLP,none (API/background only): the frontend computes the recommendation client-side (app/frontend/app/utils/eval_recommend.js),api/eval_sessions#recommend app/controllers/api/eval_sessions_controller.rb:16-29 (supervise check line 20) -> EvalRecommend.from_quick_screen lib/eval_recommend.rb:32 and EvalProtocol.profile_for_intake app/models/eval_protocol.rb:48,LingoLinq-new (vs sweet-suite mirror 55aaa8a: eval_sessions_controller.rb absent; eval_recommend.rb absent; eval_protocol.rb absent; 0/2 routes are upstream actions),"quick_screen_eval (code: ENABLED lib/feature_flags.rb:127), read at app/controllers/api/eval_sessions_controller.rb:102",spec/controllers/api/eval_sessions_controller_spec.rb; spec/lib/eval_recommend_spec.rb,agent: pure API,none (read-only),6,yes: clinical or evaluation data,no UI entry (API only),CONFIRMED: cited lines re-read against the code by the author,,POST /api/v1/users/:user_id/eval_sessions/recommend api/eval_sessions#recommend | POST /api/v1/users/:user_id/eval_recommend api/eval_sessions#recommend,
NEW-07,"LingoLinq-new: AI, clinical eval, multilingual, beta",Saved tiered-eval view and IEP-ready PDF export (with goals grid),communicator; supervisor-SLP,"user.log page: <EvalSavedSummary> at app/frontend/app/templates/user/log.hbs:15; 'Download PDF' at user/log.hbs:625-626 -> app/frontend/app/controllers/user/log.js:292-294; also app/frontend/app/templates/user/log.hbs:625-626, app/frontend/app/controllers/user/log.js:292-296","logs#eval_pdf app/controllers/api/logs_controller.rb:306-330 (log_viewable?, private-logging and cutoff checks; 404 unless data['eval_mode']) -> EvalPdf.render lib/eval_pdf.rb:66 and EvalGoalsGrid.generate lib/eval_goals_grid.rb:46. The route belongs to the logs agent; also app/controllers/api/logs_controller.rb:306",LingoLinq-new (vs sweet-suite mirror 55aaa8a: logs_controller.rb churn 56%; log.hbs churn 76% (frontend); log.js churn 64% (frontend); eval_pdf.rb absent; eval_goals_grid.rb absent; eval-saved-summary.js absent; eval_goals_grid.js absent; 0/1 routes are upstream actions),"none (the PDF button renders on model.tiered_eval_type, user/log.hbs:625)",NONE,human: visual review of the PDF layout and clinical content,writes,5,yes: clinical or evaluation data; AI processing,,"AGENT-REPORTED: static read by an inventory agent; citations bounds-checked, content not re-read by the author",,GET /api/v1/logs/:log_id/eval_pdf api/logs#eval_pdf,user.log:/logs/:log_id
NEW-08,"LingoLinq-new: AI, clinical eval, multilingual, beta",Full Evaluation SLP report card and fill-in workbook (layered on the legacy full eval log),supervisor-SLP,user.log page for a legacy full-eval assessment: <EvalFullReport> at app/frontend/app/templates/user/log.hbs:38; <EvalWorkbook> at app/frontend/app/components/eval-full-report.hbs:149,reads and re-saves the log via /api/v1/logs/:id (app/frontend/app/components/eval-workbook.js:562-564). The logs routes belong to the logs agent,heavily modified (vs sweet-suite mirror 55aaa8a: log.hbs churn 76% (frontend); eval-full-report.js absent; eval-full-report.hbs absent; eval-workbook.js absent; eval_workbook.js absent; eval_full_recommend.js absent),"eval_single_library (code: ENABLED lib/feature_flags.rb:126), read at app/frontend/app/components/eval-full-report.js:88-89",app/frontend/tests/components/eval-workbook-test.js; app/frontend/tests/unit/utils/eval-workbook-lcd-test.js,human: medical vs school report fork and clinical wording,writes,5,yes: communicator usage logs or utterances; clinical or evaluation data,,"AGENT-REPORTED: static read by an inventory agent; citations bounds-checked, content not re-read by the author",,,
NEW-09,"LingoLinq-new: AI, clinical eval, multilingual, beta","AI board generation: fill board labels, name and description from a prompt (Create Board page plus the legacy generate-board modal)",communicator; supervisor-SLP; org-admin,"/create-board-new -> AI mode -> generate_labels_with_ai at app/frontend/app/components/create-board-new.js:2258-2305 (button gated at create-board-new.hbs:231). Legacy path: new-board modal 'Generate with AI' at app/frontend/app/components/new-board.hbs:22-23,62-63 -> new-board.js:407-433 -> generate-board modal (app/frontend/app/components/generate-board.js:222); also components/create-board-new.js:2258-2290, components/generate-board.js:222","boards#generate_labels app/controllers/api/boards_controller.rb:569-649 (ai_feature_enabled_for? at :573, Art. 50 backstop at :591) -> AiBoardGenerator.generate_words lib/ai_board_generator.rb (gates at :50-69). The route belongs to the boards agent; also boards_controller.rb:569",LingoLinq-new (vs sweet-suite mirror 55aaa8a: boards_controller.rb churn 94%; new-board.js churn 191% (frontend) (moved from app/frontend/app/controllers/new-board.js); new-board.hbs churn 239% (frontend) (moved from app/frontend/app/templates/new-board.hbs); ai_board_generator.rb absent; create-board-new.js absent; create-board-new.hbs absent; generate-board.js absent; generate-board.hbs absent; ai_feature_gate.js absent; 0/1 routes are upstream actions),"ai_board_generation (code: ENABLED_FRONTEND_FEATURES lib/feature_flags.rb:125), read at app/controllers/api/boards_controller.rb:573, lib/ai_board_generator.rb:50, app/frontend/app/components/create-board-new.js:289-294 and app/frontend/app/components/new-board.js:148-153. Also needs user prefs ai_features_enabled and ai_board_generation (lib/feature_flags.rb:360-391) and the article_50_disclosure gate",spec/lib/ai_board_generator_spec.rb; spec/controllers/api/boards_controller_spec.rb; spec/controllers/article_50_disclosure_backstop_coverage_spec.rb; app/frontend/tests/components/create-board-new-test.js,both: agent can check gates and response shape by API; a human judges label quality and the modal flow,external-send,6,yes: AI processing; audit or compliance records,,"AGENT-REPORTED: static read by an inventory agent; citations bounds-checked, content not re-read by the author",ai-features-anthropic,POST /api/v1/boards/generate_labels api/boards#generate_labels,
NEW-10,"LingoLinq-new: AI, clinical eval, multilingual, beta",AI focus-word generation (Focus Words modal),communicator; supervisor-SLP,"speak menu 'Focus Words' (app/frontend/app/templates/user/board-detail.hbs:1098-1109) -> modals/focus-words -> generate_focus_words_with_ai, app/frontend/app/components/focus-words.hbs:260 and app/frontend/app/components/focus-words.js:524; also app/frontend/app/components/focus-words.js:204-213, app/frontend/app/components/focus-words.js:561","integrations#focus_generate_words app/controllers/api/integrations_controller.rb:94-160 (ai_feature_enabled_for? ai_board_generation at :98, Art. 50 at :104, PiiScrubber at :197-203) -> AiFocusWordSet cache (app/models/ai_focus_word_set.rb:43) or AiBoardGenerator.generate_focus_words. The route is covered by another row; also app/controllers/api/integrations_controller.rb:94-100, app/controllers/api/integrations_controller.rb:94-159",LingoLinq-new (vs sweet-suite mirror 55aaa8a: integrations_controller.rb churn 190%; focus-words.js churn 206% (frontend) (moved from app/frontend/app/controllers/modals/focus-words.js); focus-words.hbs churn 118% (frontend) (moved from app/frontend/app/templates/modals/focus-words.hbs); ai_focus_word_set.rb absent; ai_board_generator.rb absent; 0/2 routes are upstream actions),"ai_board_generation (code: ENABLED lib/feature_flags.rb:125), read at app/controllers/api/integrations_controller.rb:98 and app/frontend/app/components/focus-words.js:206-211; also focus_word_highlighting",spec/controllers/api/integrations_controller_spec.rb; spec/models/ai_focus_word_set_spec.rb; app/frontend/tests/components/focus-words-article50-test.js; spec/controllers/article_50_disclosure_backstop_coverage_spec.rb,both: agent for gates and cache; a human judges word relevance,external-send,6,yes: AI processing,,"AGENT-REPORTED: static read by an inventory agent; citations bounds-checked, content not re-read by the author",ai-features-anthropic,POST /api/v1/focus/generate_words api/integrations#focus_generate_words | POST /api/v1/focus/generated_words_usage api/integrations#focus_generated_words_usage,
NEW-11,"LingoLinq-new: AI, clinical eval, multilingual, beta",AI next-word prediction in speak mode (prediction bar),anonymous; communicator; supervisor-SLP,"speak mode prediction bar, app/frontend/app/controllers/board/index.js:165,191 (word_suggestions.lookup_with_ai) -> app/frontend/app/utils/ai_word_predictor.js:40-70 (POST /api/v1/words/predict at :128). Requires the word_suggestions pref (app/frontend/app/templates/user/preferences.hbs:305-309)","words#predict app/controllers/api/words_controller.rb:51-70 (flag, COPPA, EU and Art. 50 gates at :57-62) -> AiWordPredictor.predict lib/ai_word_predictor.rb (gates at :65-71; AiApiLog at :408-424). The route belongs to the words agent; also words_controller.rb:51",LingoLinq-new (vs sweet-suite mirror 55aaa8a: words_controller.rb churn 59%; word_suggestions.js churn 305% (frontend); index.js churn 92% (frontend); ai_word_predictor.rb absent; ai_word_predictor.js absent; board-detail.js absent; 0/1 routes are upstream actions),"ai_word_prediction (code: ENABLED lib/feature_flags.rb:125), read at app/controllers/api/words_controller.rb:57, lib/ai_word_predictor.rb:65 and app/frontend/app/utils/ai_word_predictor.js:53. Also needs user prefs ai_features_enabled and ai_word_prediction. Art. 50 DEGRADE mode silently disables it until acknowledged (ai_word_predictor.js:42-52)",spec/lib/ai_word_predictor_spec.rb; spec/controllers/api/words_controller_spec.rb; app/frontend/tests/utils/ai_word_predictor-test.js; app/frontend/tests/utils/word_suggestions-test.js; spec/controllers/article_50_disclosure_backstop_coverage_spec.rb,both: agent for gates; a human for in-speak-mode latency and relevance on a device,external-send,6,yes: communicator usage logs or utterances; AI processing; audit or compliance records,,"AGENT-REPORTED: static read by an inventory agent; citations bounds-checked, content not re-read by the author",ai-features-anthropic,POST /api/v1/words/predict api/words#predict,
NEW-12,"LingoLinq-new: AI, clinical eval, multilingual, beta",Word suggestions API (token-based AI next-word endpoint),communicator,none (API/background only): no frontend caller of /api/v1/word_suggestions; the app uses /api/v1/words/predict,"api/word_suggestions#create app/controllers/api/word_suggestions_controller.rb:12-63 (flag :13, COPPA :16, EU under-16 :19, Art. 50 :28; 8s timeout :41) -> AiWordPredictor.predict_from_tokens",LingoLinq-new (vs sweet-suite mirror 55aaa8a: word_suggestions_controller.rb absent; ai_word_predictor.rb absent; 0/1 routes are upstream actions),"ai_word_prediction (code: ENABLED lib/feature_flags.rb:125), read at app/controllers/api/word_suggestions_controller.rb:13",spec/controllers/api/word_suggestions_controller_spec.rb; spec/controllers/article_50_disclosure_backstop_coverage_spec.rb,agent: pure API,external-send,6,yes: AI processing,dead or orphaned route or code,"AGENT-REPORTED: static read by an inventory agent; citations bounds-checked, content not re-read by the author",ai-features-anthropic,POST /api/v1/word_suggestions api/word_suggestions#create,
NEW-13,"LingoLinq-new: AI, clinical eval, multilingual, beta",Personal learned prediction entries (server sync of the user's selected next-words),communicator,"speak mode word selection: app/frontend/app/controllers/board/index.js:1655-1662 -> word_suggestions.record_selection -> queue_sync / flush_sync_queue (app/frontend/app/utils/word_suggestions.js:885,1286). Lookups via fetch_user_entries (word_suggestions.js:1180,1217)","api/prediction_entries#index app/controllers/api/prediction_entries_controller.rb:8-21; #sync :23-35 -> PredictionEntry.for_prefix / sync_for_user app/models/prediction_entry.rb:20,28. Scoped to @api_user",LingoLinq-new (vs sweet-suite mirror 55aaa8a: word_suggestions.js churn 305% (frontend); prediction_entries_controller.rb absent; prediction_entry.rb absent; 0/2 routes are upstream actions),none (not gated by ai_word_prediction; runs wherever word prediction runs),spec/controllers/api/prediction_entries_controller_spec.rb; spec/lib/flusher_spec.rb,agent: API round-trip,writes,3,yes: communicator usage logs or utterances,,"AGENT-REPORTED: static read by an inventory agent; citations bounds-checked, content not re-read by the author",,POST /api/v1/prediction_entries/sync api/prediction_entries#sync | GET /api/v1/prediction_entries api/prediction_entries#index,
NEW-14,"LingoLinq-new: AI, clinical eval, multilingual, beta",AI-seeded offline prediction library and smart phrases (build-time),system,"none (API/background only): rake predictions:generate/merge/upload (lib/tasks/generate_predictions.rake:15-32). Client-side smart phrases are at app/frontend/app/utils/word_suggestions.js:109,471-474","AiPredictionGenerator lib/ai_prediction_generator.rb:114-125 (Bedrock via AiClient), upload_to_s3 :86; PredictionLibrary lib/prediction_library.rb:9-21,107 (merges lib/smart_phrases.json)",heavily modified (vs sweet-suite mirror 55aaa8a: word_suggestions.js churn 305% (frontend); ai_prediction_generator.rb absent; prediction_library.rb absent; smart_phrases.json absent; generate_predictions.rake absent),none,spec/lib/ai_prediction_generator_spec.rb; spec/lib/prediction_library_spec.rb,agent: run the rake task in dev,external-send,8,no,,"AGENT-REPORTED: static read by an inventory agent; citations bounds-checked, content not re-read by the author",,,
NEW-15,"LingoLinq-new: AI, clinical eval, multilingual, beta","AI provider client: Claude on AWS Bedrock only, no direct Anthropic fallback",system,none (API/background only),"AiClient lib/ai_client.rb:7-19 (Bedrock only, build returns nil when unconfigured), bedrock_plane :197, bedrock_region :210, runtime_model :171-191. Used by eval_narrator.rb:251 and ai_prediction_generator.rb:118-125",LingoLinq-new (vs sweet-suite mirror 55aaa8a: ai_client.rb absent),"none (env: BEDROCK_PLANE, BEDROCK_AWS_REGION, BEDROCK_AWS_KEY/SECRET, BEDROCK_EXPECTED_AWS_ACCOUNT, ANTHROPIC_MODEL)",spec/lib/ai_client_spec.rb,agent: spec plus env inspection,external-send,6,yes: AI processing,,"AGENT-REPORTED: static read by an inventory agent; citations bounds-checked, content not re-read by the author",ai-features-anthropic,,
NEW-16,"LingoLinq-new: AI, clinical eval, multilingual, beta",Runtime model allowlist (refuses retention-bearing or unvetted model overrides),system,none (API/background only),AiClient::ALLOWED_RUNTIME_MODELS lib/ai_client.rb:72-85 (only anthropic.claude-haiku-4-5) and runtime_model fail-closed :171-191; EvalNarrator.allowed_model? lib/eval_narrator.rb:75; boot check config/initializers/eval_narrator_model_allowlist.rb,LingoLinq-new (vs sweet-suite mirror 55aaa8a: ai_client.rb absent; eval_narrator.rb absent; eval_narrator_model_allowlist.rb absent),"none (env ANTHROPIC_MODEL, EVAL_NARRATOR_MODEL)",spec/lib/ai_client_spec.rb; spec/lib/eval_narrator_spec.rb,agent: set an override env var in a spec and check it is refused,destructive; external-send,6,yes: AI processing,,"AGENT-REPORTED: static read by an inventory agent; citations bounds-checked, content not re-read by the author",zdr-anthropic-active-models,,
NEW-17,"LingoLinq-new: AI, clinical eval, multilingual, beta",Bedrock account-binding check (expected AWS account guard on the AI client),system,none (API/background only),lib/ai_client.rb:21-27 (both planes inside the AWS BAA boundary per the comment) and EXPECTED_ACCOUNT_ENV :90 with account verification :418-426,LingoLinq-new (vs sweet-suite mirror 55aaa8a: ai_client.rb absent),none (env BEDROCK_EXPECTED_AWS_ACCOUNT),spec/lib/ai_client_spec.rb,human: the contractual BAA status cannot be checked from code,external-send,6,yes: AI processing,,"ASSUMED: BAA status comes from code comments (ai_client.rb:21-27, eval_narrator_model_allowlist.rb:16-17), not from a verifiable artifact",anthropic-model-provider-baa,,
NEW-18,"LingoLinq-new: AI, clinical eval, multilingual, beta","PII scrubber: pseudonymize/redact prompts before AI egress, and scrub log lines",system,none (API/background only),"PiiScrubber lib/pii_scrubber.rb: redact_for_ai :215, scan_for_pii :248, scrub_log_line :297, configure_blocklist :320, reset_blocklist! :333. Called at lib/eval_narrator.rb:173, app/controllers/api/integrations_controller.rb:201-203 and app/models/ai_api_log.rb:30. Log formatter lib/pii_scrubbing_formatter.rb:24; per-job reset lib/worker.rb:31; also lib/pii_scrubber.rb:215, worker.rb:31",heavily modified (vs sweet-suite mirror 55aaa8a: worker.rb churn 36%; pii_scrubber.rb absent; pii_scrubbing_formatter.rb absent; ai_api_log.rb absent),none,spec/lib/pii_scrubber_spec.rb; spec/lib/pii_scrubbing_formatter_spec.rb,agent: spec fixtures,destructive; external-send,6,yes: AI processing,,"AGENT-REPORTED: static read by an inventory agent; citations bounds-checked, content not re-read by the author",pii-scrubber-pseudonymization,,
NEW-19,"LingoLinq-new: AI, clinical eval, multilingual, beta","AI call audit log (AiApiLog), IP redaction after 90 days, EU 5-year purge, daily digest endpoint",system,none (API/background only): internal endpoint for the n8n daily-ai-cost-pii-digest workflow,"api/internal/ai_api_logs#daily_summary app/controllers/api/internal/ai_api_logs_controller.rb:17-30 (X-Internal-Token constant-time compare :34-48; 503 when INTERNAL_API_TOKEN is unset). AiApiLog.log_ai_call app/models/ai_api_log.rb:74, daily_summary :175, redact_old_ip_addresses! :225, purge_old_eu_logs! :251. Scheduled at lib/tasks/scheduler.rake:186-188 and :226-228; also app/models/ai_api_log.rb:225-255, scheduler.rake:186-229",LingoLinq-new (vs sweet-suite mirror 55aaa8a: scheduler.rake churn 367%; ai_api_logs_controller.rb absent; ai_api_log.rb absent; eu_jurisdiction.rb absent; 0/1 routes are upstream actions),"none. ai_compliance_logging (code: AVAILABLE only, off; lib/feature_flags.rb:23) is registered but never read",spec/models/ai_api_log_spec.rb; spec/controllers/api/internal/ai_api_logs_controller_spec.rb,agent: curl with and without the token; spec,destructive; external-send,6,yes: communicator usage logs or utterances; audio or video recordings; location; AI processing; audit or compliance records,dead or orphaned route or code; flag never read,"AGENT-REPORTED: static read by an inventory agent; citations bounds-checked, content not re-read by the author",aiapilog-audit-ip-redaction,GET /api/internal/ai_api_logs/daily_summary api/internal/ai_api_logs#daily_summary,
NEW-20,"LingoLinq-new: AI, clinical eval, multilingual, beta",COPPA under-13 hard gate on all AI calls (pending parental consent blocks AI),communicator; system,any AI entry. The frontend shows the enable-ai-features 'blocked: coppa' notice at app/frontend/app/components/create-board-new.js:326-331,"FeatureFlags.coppa_blocks_ai_for? lib/feature_flags.rb:292-298 (env kill-switch COPPA_AI_HARD_GATE :285-287), folded into ai_feature_enabled_for? :250-257. Also checked directly at word_suggestions_controller.rb:16, words_controller.rb:58, ai_board_generator.rb:58 and eval_narrator.rb:148",heavily modified (vs sweet-suite mirror 55aaa8a: feature_flags.rb churn 531%; ai_board_generator.rb absent; ai_word_predictor.rb absent; eval_narrator.rb absent; word_suggestions_controller.rb absent; enable-ai-features.js absent),"none (env COPPA_AI_HARD_GATE, default ON)",spec/lib/feature_flags_spec.rb; spec/lib/ai_board_generator_spec.rb; spec/lib/eval_narrator_spec.rb; spec/controllers/api/words_controller_spec.rb; spec/controllers/api/eval_sessions_controller_spec.rb,agent: user with a pending COPPA consent gets 403 from every AI endpoint,external-send,6,"yes: age, consent or guardian data; AI processing",,"AGENT-REPORTED: static read by an inventory agent; citations bounds-checked, content not re-read by the author",coppa-under13-ai-gate,,
NEW-21,"LingoLinq-new: AI, clinical eval, multilingual, beta",EU under-16 AI block and parental-consent request / one-click grant / revoke,anonymous; communicator; supervisor-SLP; system,"eu-ai-parental-consent modal opened from AI entry points (app/frontend/app/components/create-board-new.js:313-322); resend in app/frontend/app/templates/user/preferences.hbs:228-233; parent email links /eu_ai_parental_consent/complete and /revoke; also app/frontend/app/components/eu-ai-parental-consent.js:97, app/frontend/app/templates/user/preferences.hbs:220",FeatureFlags.eu_under16_blocks_ai_for? lib/feature_flags.rb:307-313 (env EU_AI_PARENTAL_HARD_GATE :301-303); users#request_eu_ai_parental_consent app/controllers/api/users_controller.rb:933 (allowed? edit); EuAiParentalConsentsController#complete :6 and #revoke :24; also app/controllers/eu_ai_parental_consents_controller.rb:6,LingoLinq-new (vs sweet-suite mirror 55aaa8a: feature_flags.rb churn 531%; users_controller.rb churn 76%; user_mailer.rb churn 90%; preferences.hbs churn 62% (frontend); eu_ai_parental_consents_controller.rb absent; eu-ai-parental-consent.js absent; eu-ai-parental-consent.hbs absent; eu_ai_consent.js absent; complete.html.erb absent; revoke.html.erb absent; 0/3 routes are upstream actions),"none for the gate (env default ON). eu_consent_age (code: AVAILABLE only, off; lib/feature_flags.rb:76) is a separate legacy flag",spec/controllers/eu_ai_parental_consents_controller_spec.rb; spec/controllers/api/users_eu_ai_parental_consent_spec.rb; spec/models/user_eu_ai_parental_consent_spec.rb; app/frontend/tests/unit/components/eu-ai-parental-consent-test.js,both: agent for gates; a human for parent email delivery and the one-click link,destructive; external-send,6,"yes: account identity or contact details; age, consent or guardian data; audio or video recordings; location; AI processing",,"AGENT-REPORTED: static read by an inventory agent; citations bounds-checked, content not re-read by the author",eu-under16-ai-block,GET /eu_ai_parental_consent/complete eu_ai_parental_consents#complete | GET /eu_ai_parental_consent/revoke eu_ai_parental_consents#revoke | POST /api/v1/users/:user_id/eu_ai_parental_consent api/users#request_eu_ai_parental_consent,
NEW-22,"LingoLinq-new: AI, clinical eval, multilingual, beta",EU jurisdiction determination (drives Art. 50 scope and the AiApiLog retention stamp),system,none (API/background only),"EuJurisdiction lib/eu_jurisdiction.rb: status :44, disclosure_required? :57, eu? :61, retention_stamp :83. Consumed at app/controllers/application_controller.rb:438-442; also lib/eu_jurisdiction.rb:12-50",heavily modified (vs sweet-suite mirror 55aaa8a: application_controller.rb churn 223%; eu_jurisdiction.rb absent),"article_50_disclosure (code: AVAILABLE, feature_flags.rb:102). Not read in this file",spec/lib/eu_jurisdiction_spec.rb,agent: spec,destructive,6,yes: organization roster or membership,flag never read,ASSUMED: the row text itself marks part of the claim as inferred or not verified,jurisdiction-primitive,,
NEW-23,"LingoLinq-new: AI, clinical eval, multilingual, beta","EU AI Act Art. 50(1) first-AI-use disclosure modal, acknowledgement and server backstop",communicator; supervisor-SLP; org-admin,"uncloseable <AiDisclosure> modal (app/frontend/app/components/modal-container.hbs:13-14; app/frontend/app/components/ai-disclosure.js). Opened by article50_gate.presentBlockingGate (app/frontend/app/utils/article50_gate.js:169-174) from create-board-new, new-board, focus-words and eval-comprehensive-runner, and at session entry (app/frontend/app/routes/index.js:208,284). Passive link in preferences.hbs:275-297; also app/frontend/app/components/ai-disclosure.js:132",users#article_50_disclosure_ack app/controllers/api/users_controller.rb:968 (allowed? edit); ai_consent/disclosures#show app/controllers/ai_consent/disclosures_controller.rb:18; backstop require_article_50_disclosure! / article_50_disclosure_missing? app/controllers/application_controller.rb:428-442,LingoLinq-new (vs sweet-suite mirror 55aaa8a: application_controller.rb churn 223%; users_controller.rb churn 76%; ai-disclosure.js absent; ai-disclosure.hbs absent; article50_gate.js absent; disclosures_controller.rb absent; ai_consent_disclosures.rb absent; 0/1 routes are upstream actions),"article_50_disclosure (code: AVAILABLE only, off; lib/feature_flags.rb:102). The comment at lib/feature_flags.rb:83-101 says the production DB Setting enables it. Read at app/controllers/application_controller.rb:439 and app/frontend/app/utils/article50_gate.js:134",app/frontend/tests/components/ai-disclosure-test.js; app/frontend/tests/unit/utils/article50-gate-test.js; app/frontend/tests/unit/utils/article50-session-entry-test.js; app/frontend/tests/unit/utils/article50-degrade-test.js; spec/controllers/article_50_disclosure_backstop_coverage_spec.rb; spec/controllers/api/users_controller_spec.rb; spec/controllers/ai_consent/disclosures_controller_spec.rb; spec/lib/lingo_linq/article50_disclosures_spec.rb,both: agent for the backstop 403s; a human for modal accessibility (scan and keyboard) and the Spanish notice,external-send,6,"yes: age, consent or guardian data; audio or video recordings; location; audit or compliance records",,"AGENT-REPORTED: static read by an inventory agent; citations bounds-checked, content not re-read by the author",art50-1-disclosure-modal,POST /api/v1/users/:user_id/article_50_disclosure_ack api/users#article_50_disclosure_ack,
NEW-24,"LingoLinq-new: AI, clinical eval, multilingual, beta","EU AI Act Art. 50(2) signed AI-generated output marker (boards, copies, focus word sets, eval narratives) plus audit rake",system,none (API/background only): machine-readable only; no template renders ai_generated,"Art50Marker lib/art50_marker.rb: build :53, verify :71, normalized :110, public_view :127 (HMAC :144-147). Persisted at app/models/board.rb:1935-1941, app/cloners/board_cloner.rb:126-129, app/models/log_session.rb:1932 and app/models/ai_focus_word_set.rb:93-102. Exposed at lib/json_api/board.rb:58 and lib/json_api/log.rb:104. Audit via rake compliance:article_50_marking_audit (lib/tasks/compliance.rake:5-7, lib/art50_marking_audit.rb)",heavily modified (vs sweet-suite mirror 55aaa8a: board.rb churn 50%; log_session.rb churn 12%; board.rb churn 117%; log.rb churn 26%; art50_marker.rb absent; art50_marking_audit.rb absent; compliance.rake absent; board_cloner.rb absent),none (unconditional),spec/lib/art50_marker_spec.rb; spec/lib/art50_marking_audit_spec.rb,"agent: generate a board, save it, copy it, check the JSON marker",external-send,6,no,,"AGENT-REPORTED: static read by an inventory agent; citations bounds-checked, content not re-read by the author",art50-2-output-marking,,
NEW-25,"LingoLinq-new: AI, clinical eval, multilingual, beta","AI consent preferences: master 'Allow AI features' plus per-feature opt-ins, and the enable-AI popup",communicator; supervisor-SLP,"user.preferences, app/frontend/app/templates/user/preferences.hbs:238-270; enable-ai-features modal opened from create-board-new.js:334-342","read gate FeatureFlags.user_pref_allows_ai? lib/feature_flags.rb:360-391 (absent master grandfathered; an unrecognized master blocks); write via user update (User.normalize_ai_preference_value, app/models/user.rb:1213)",heavily modified (vs sweet-suite mirror 55aaa8a: feature_flags.rb churn 531%; user.rb churn 156%; preferences.hbs churn 62% (frontend); preferences.js churn 51% (frontend); enable-ai-features.js absent; ai_feature_gate.js absent),"USER_PREF_AI_FEATURES lib/feature_flags.rb:177-178. ai_board_suggestions and ai_symbol_search (code: AVAILABLE only, off; lib/feature_flags.rb:22) only have pref checkboxes (preferences.hbs:262,268)",spec/lib/feature_flags_ai_prefs_spec.rb; spec/models/user_ai_preference_write_spec.rb; app/frontend/tests/components/enable-ai-features-test.js; app/frontend/tests/utils/ai_feature_gate-test.js,agent: pref-matrix fixtures (app/frontend/tests/fixtures/ai_pref_gate_cases.js),external-send,6,"yes: age, consent or guardian data",stub,"AGENT-REPORTED: static read by an inventory agent; citations bounds-checked, content not re-read by the author",,,
NEW-26,"LingoLinq-new: AI, clinical eval, multilingual, beta",Organization-wide AI opt-out (disable_ai_features),org-admin; system,none (API/background only): no UI or API writes settings['disable_ai_features'],"FeatureFlags.ai_enabled_for? lib/feature_flags.rb:239-246, checked by ai_feature_enabled_for? :252 and EvalNarrator.ai_allowed_for? lib/eval_narrator.rb:150",heavily modified (vs sweet-suite mirror 55aaa8a: feature_flags.rb churn 531%; eval_narrator.rb absent),none,spec/controllers/api/integrations_controller_spec.rb,agent: set the org setting in a spec,external-send,7,yes: user data,,"AGENT-REPORTED: static read by an inventory agent; citations bounds-checked, content not re-read by the author",,,
NEW-27,"LingoLinq-new: AI, clinical eval, multilingual, beta",Beta feedback form (public page and in-app modal),anonymous; communicator; supervisor-SLP; org-admin,"/beta-feedback (app/frontend/app/routes/beta-feedback.js; app/frontend/app/templates/beta-feedback.hbs:10). Linked from the landing navbar app/frontend/app/components/app-navbar.hbs:26,66, the in-app navbar templates/application.hbs:1360 (openBetaFeedback -> beta-feedback-modal) and templates/error.hbs:30","submission via POST /api/v1/messages with recipient 'beta_feedback' (app/frontend/app/components/beta-feedback-form.js:868,894; messages#create is not in this slice)",heavily modified (vs sweet-suite mirror 55aaa8a: contact_message.rb churn 114%; beta-feedback.js absent; beta-feedback.hbs absent; beta-feedback-panel.js absent; beta-feedback-form.js absent; beta-feedback-form.hbs absent; beta-feedback-modal.js absent),"none (hidden on some routes by hide_beta_feedback_temporarily, app/frontend/app/controllers/application.js:190)",app/frontend/tests/unit/components/beta-feedback-form-test.js,both: agent for the API; a human for form UX,writes,0,yes: user data,,"AGENT-REPORTED: static read by an inventory agent; citations bounds-checked, content not re-read by the author",,,beta-feedback:/beta-feedback
NEW-28,"LingoLinq-new: AI, clinical eval, multilingual, beta","Beta feedback screen recording (consented capture, direct-to-S3 or server upload, confirm, 90-day expiry)",anonymous; communicator; supervisor-SLP; org-admin; system,"record control in the beta feedback form, app/frontend/app/components/beta-feedback-form.js:653-704 (consent required :658). Upload flow at :383-450","api/beta_feedback_recordings#create app/controllers/api/beta_feedback_recordings_controller.rb:2-28 (consent_accepted required :7; stores user_id, IP and user agent :17-19); #upload :42-71 (token check, 100 MB cap, local fallback); #confirm :30-40; #download :73-84 (token-only). Model app/models/beta_feedback_recording.rb (RETENTION_DAYS 90 :11); flush in lib/tasks/scheduler.rake:247; also beta_feedback_recording.rb:27-34, scheduler.rake:246-249",LingoLinq-new (vs sweet-suite mirror 55aaa8a: scheduler.rake churn 367%; beta_feedback_recordings_controller.rb absent; beta_feedback_recording.rb absent; beta-feedback-form.js absent; 0/4 routes are upstream actions),none,spec/controllers/api/beta_feedback_recordings_controller_spec.rb; spec/models/beta_feedback_recording_spec.rb; app/frontend/tests/unit/components/beta-feedback-form-test.js,both: needs browser screen and tab-audio capture / spec,destructive; external-send,0,yes: audio or video recordings; location; board content,,"AGENT-REPORTED: static read by an inventory agent; citations bounds-checked, content not re-read by the author",,POST /api/v1/beta_feedback_recordings api/beta_feedback_recordings#create | POST /api/v1/beta_feedback_recordings/:id/upload api/beta_feedback_recordings#upload | POST /api/v1/beta_feedback_recordings/:id/confirm api/beta_feedback_recordings#confirm | GET /api/v1/beta_feedback_recordings/:id/download api/beta_feedback_recordings#download,
NEW-29,"LingoLinq-new: AI, clinical eval, multilingual, beta","Beta feedback admin triage (list, filter, search, hide/unhide, set priority, view detail and recording)",system,"'View Beta Feedback' in the navbar (app/frontend/app/components/app-navbar-authenticated-inner.hbs:147-148,241; templates/application.hbs:1445) -> beta-feedback-admin (app/frontend/app/routes/beta-feedback-admin.js:10-28) -> index / entry (app/frontend/app/templates/beta-feedback-admin/entry.hbs:154-158 video)",api/beta_feedback#index app/controllers/api/beta_feedback_controller.rb:5-14; #show :16-24; #update :26-57; require_admin :93-97 (@api_user.admin?),LingoLinq-new (vs sweet-suite mirror 55aaa8a: beta_feedback_controller.rb absent; beta_feedback.rb absent; beta-feedback-admin.js absent; index.js absent; entry.js absent; index.js absent; entry.js absent; index.hbs absent; entry.hbs absent; 0/3 routes are upstream actions),none,spec/controllers/api/beta_feedback_controller_spec.rb,agent: API as admin and non-admin,writes,8,yes: account identity or contact details; audio or video recordings,,"AGENT-REPORTED: static read by an inventory agent; citations bounds-checked, content not re-read by the author",,GET /api/v1/beta_feedback api/beta_feedback#index | PATCH /api/v1/beta_feedback/:id api/beta_feedback#update | GET /api/v1/beta_feedback/:id api/beta_feedback#show,beta-feedback-admin:/beta-feedback/admin | beta-feedback-admin.entry:/:feedback_id
NEW-30,"LingoLinq-new: AI, clinical eval, multilingual, beta","Product telemetry capture (route visits, board activations, taps, word-prediction offered/selected)",communicator; supervisor-SLP; system,"automatic: app/frontend/app/services/telemetry.js:22-52,104-107; prediction events at app/frontend/app/utils/word_suggestions.js:1298-1318",api/telemetry_events#create app/controllers/api/telemetry_events_controller.rb:7-32 (max 50 events; require_product_telemetry :52-57) -> TelemetryEvent.process_new app/models/telemetry_event.rb:39-56 (content keys stripped :80-90),LingoLinq-new (vs sweet-suite mirror 55aaa8a: word_suggestions.js churn 305% (frontend); telemetry_events_controller.rb absent; telemetry_event.rb absent; telemetry.js absent; 0/1 routes are upstream actions),"product_telemetry (code: AVAILABLE only, off; lib/feature_flags.rb:23), read at app/controllers/api/telemetry_events_controller.rb:54, app/frontend/app/services/telemetry.js:27 and app/frontend/app/utils/word_suggestions.js:1299. Admins are always tracked (telemetry.js:25; controller :53)",spec/controllers/api/telemetry_events_controller_spec.rb; spec/models/telemetry_event_spec.rb; app/frontend/tests/unit/services/telemetry-test.js,agent: POST events and inspect the rows,writes,8,yes: communicator usage logs or utterances; organization roster or membership,dead or orphaned route or code; suspected bug (not security),"AGENT-REPORTED: static read by an inventory agent; citations bounds-checked, content not re-read by the author",,POST /api/v1/telemetry_events api/telemetry_events#create,
NEW-31,"LingoLinq-new: AI, clinical eval, multilingual, beta",Global telemetry dashboard API (site admin),system,none (API/background only): no frontend caller of /api/v1/telemetry; the org page gets global scope through the org endpoint,"api/telemetry#index app/controllers/api/telemetry_controller.rb:6-14 (require_telemetry_admin :57-61, admin only)",LingoLinq-new (vs sweet-suite mirror 55aaa8a: telemetry_controller.rb absent; telemetry_stats.rb absent; 0/1 routes are upstream actions),none (admin only),spec/controllers/api/telemetry_controller_spec.rb,agent: pure API,none (read-only),8,yes: communicator usage logs or utterances,no UI entry (API only),"AGENT-REPORTED: static read by an inventory agent; citations bounds-checked, content not re-read by the author",,GET /api/v1/telemetry api/telemetry#index,
NEW-32,"LingoLinq-new: AI, clinical eval, multilingual, beta",Spanish library boards copied at signup for es-locale users,communicator; system,"signup (users#create -> UserBoardProvisioner.provision_for, app/controllers/api/users_controller.rb:285; session_controller.rb:995)",lib/user_board_provisioner.rb:15-21 -> SystemBoardSources::SPANISH_LIBRARY_SLUGS. Boards are provisioned by rake lingolinq:provision_spanish_library_boards (lib/tasks/lingolinq.rake:30-33) -> SpanishLibraryBoards.provision_all! lib/spanish_library_boards.rb:7,heavily modified (vs sweet-suite mirror 55aaa8a: feature_flags.rb churn 531%; user_board_provisioner.rb absent; spanish_library_boards.rb absent; lingolinq.rake absent),"signup_spanish_library_boards (code: AVAILABLE only, off; lib/feature_flags.rb:30; env override SIGNUP_SPANISH_LIBRARY_BOARDS), read at lib/feature_flags.rb:227-236 via lib/user_board_provisioner.rb:15. Needs signup_default_library_boards (code: ENABLED lib/feature_flags.rb:132) at user_board_provisioner.rb:7 and a user locale matching ^es",spec/lib/spanish_library_boards_spec.rb,both: agent can check which boards were copied; a human checks Spanish label quality,none (read-only),0,no,,"AGENT-REPORTED: static read by an inventory agent; citations bounds-checked, content not re-read by the author",,,
NEW-33,"LingoLinq-new: AI, clinical eval, multilingual, beta",Library board translation pipeline (store dest-locale translations on English library boards) and runtime Switch Languages on library boards,communicator; system,"rake lingolinq:translate_library_boards (lib/tasks/lingolinq.rake:8-26). At runtime, Switch Languages keeps the locale across library boards (app/frontend/app/utils/board_display_locale.js)","LibraryBoardTranslator.translate_library! lib/library_board_translator.rb:13 and translate_one! :130 (WordData.translate_batch, needs GOOGLE_TRANSLATE_TOKEN :193; production guard :204); BoardTranslationWords lib/board_translation_words.rb",LingoLinq-new (vs sweet-suite mirror 55aaa8a: library_board_translator.rb absent; board_translation_words.rb absent; lingolinq.rake absent; board_display_locale.js absent),"translation (code: ENABLED lib/feature_flags.rb:119, upstream flag); rake needs ALLOW_PROD_TRANSLATE / TRANSLATE_CONFIRM in production",spec/lib/library_board_translator_spec.rb; app/frontend/tests/unit/utils/board-display-locale-test.js,both: agent can run a dry-run; a human judges translation quality,external-send,6,no,,"AGENT-REPORTED: static read by an inventory agent; citations bounds-checked, content not re-read by the author",,,
NEW-34,"LingoLinq-new: AI, clinical eval, multilingual, beta",English-first / bilingual board authoring in Create Board,communicator; supervisor-SLP,"/create-board-new, app/frontend/app/components/create-board-new.js:88-108,1202,1332 and create-board-new.hbs:1420",boards#create locale rewrite at app/controllers/api/boards_controller.rb:697-705 (boards agent owns the route),heavily modified (vs sweet-suite mirror 55aaa8a: boards_controller.rb churn 94%; create-board-new.js absent; create-board-new.hbs absent),"english_first_board_generation (code: ENABLED lib/feature_flags.rb:132), read at app/controllers/api/boards_controller.rb:697 and app/frontend/app/components/create-board-new.js:108",app/frontend/tests/components/create-board-new-test.js,both: agent for the saved locale/translations; a human for authoring UX,writes,6,no,,"AGENT-REPORTED: static read by an inventory agent; citations bounds-checked, content not re-read by the author",,,
NEW-35,"LingoLinq-new: AI, clinical eval, multilingual, beta",Interface language picker (navbar locale modal; es/en UI strings),communicator; supervisor-SLP; org-admin,"navbar language link app/frontend/app/components/app-navbar-authenticated-inner.hbs:160-163,239 -> application#language app/frontend/app/controllers/application.js:748-749 (modals/choose-locale); Preferred Language in user/preferences.hbs:131-133",none (client-only; preference is saved via user update),heavily modified (vs sweet-suite mirror 55aaa8a: choose-locale.js churn 269% (frontend) (moved from app/frontend/app/controllers/modals/choose-locale.js); application.js churn 104% (frontend); app-navbar-authenticated-inner.hbs absent; es.yml absent),none,NONE,human: visual check of the translated UI,writes,0,no,,ASSUMED: choose-locale internals and config/locales/es.yml contents not opened,,,
NEW-36,"LingoLinq-new: AI, clinical eval, multilingual, beta","Curated vocabulary library seeding (Quick Core descriptions, curated OBZ catalog import)",system,"none (API/background only): rake tasks in lib/tasks/system_boards.rake:32-38,76-81,101 and lib/tasks/openaac.rake:49,77,140","CuratedVocabularySources lib/curated_vocabulary_sources.rb:106,192,199; QuickCoreDescriptions lib/quick_core_descriptions.rb",LingoLinq-new (vs sweet-suite mirror 55aaa8a: curated_vocabulary_sources.rb absent; quick_core_descriptions.rb absent; system_boards.rake absent; openaac.rake absent),none,spec/lib/curated_vocabulary_sources_spec.rb; spec/lib/quick_core_descriptions_spec.rb,agent: dry-run the rake tasks,writes,8,no,,CONFIRMED: cited lines re-read against the code by the author,,,
ORG-01,"Org, district & system admin; integrations","Organizations directory: list my orgs; site admin lists, creates and deletes orgs, searches users globally",org-admin; system,"organizations route app/frontend/app/routes/organizations.js:7; app/frontend/app/controllers/organizations.js:164 (add_org), :193 (remove_org), :221 (find_user -> user-results modal with Masquerade)",api/organizations#index app/controllers/api/organizations_controller.rb:824 (edit on admin org); #create :831 (manage on admin org; jurisdiction required in Organization#process_params app/models/organization.rb:1569+); #destroy :868 (delete perm app/models/organization.rb:49),heavily modified (vs sweet-suite mirror 55aaa8a: organizations_controller.rb churn 39%; organization.rb churn 22%; organization.rb churn 4%; organizations.js absent; organizations.js absent; organizations.hbs absent; 3/3 routes are upstream actions),none,spec/controllers/api/organizations_controller_spec.rb; app/frontend/tests/controllers/organizations-test.js,agent: role gating and CRUD checkable through the API,destructive,7,yes: organization roster or membership,,"AGENT-REPORTED: static read by an inventory agent; citations bounds-checked, content not re-read by the author",,GET /api/v1/organizations api/organizations#index | POST /api/v1/organizations api/organizations#create | DELETE /api/v1/organizations/:id api/organizations#destroy,organizations:/organizations
ORG-02,"Org, district & system admin; integrations",/admin shortcut redirects to the user's first managed org,org-admin; system,"admin route app/frontend/app/routes/admin.js:8 (findRecord organization 'my_org'), :11 (transition to organization)","api/organizations#show app/controllers/api/organizations_controller.rb:11; 'my_org' replaced only when Organization.manager? (app/controllers/application_controller.rb:250, app/models/organization.rb:480)",heavily modified (vs sweet-suite mirror 55aaa8a: application_controller.rb churn 223%; organizations_controller.rb churn 39%; admin.js churn 50% (frontend)),none,app/frontend/tests/controllers/admin-test.js,agent: GET organizations/my_org as manager and as non-manager,none (read-only),7,no,,"AGENT-REPORTED: static read by an inventory agent; citations bounds-checked, content not re-read by the author",,,admin:/admin
ORG-03,"Org, district & system admin; integrations","Org shell and dashboard: nav, usage stats, recent sessions, summaries, default home boards, admin-org system health",supervisor-SLP; org-admin; system,"app/frontend/app/templates/organization.hbs:13-32 (tabs need permissions.edit); app/frontend/app/templates/organization/index.hbs:1 (edit), :61 (manage), :329-344 (view-only branch for supervisors); app/frontend/app/controllers/organization/index.js:29,96,106","api/organizations#show organizations_controller.rb:11 (view); #stats :266 (edit; admin org = site-wide :276,:329); #logs :752 (manage); #admin_reports report=summaries :338; permissions app/models/organization.rb:42-49; site health lib/json_api/organization.rb:19-28",upstream sweet-suite (vs sweet-suite mirror 55aaa8a: organizations_controller.rb churn 39%; organization.rb churn 22%; organization.rb churn 4%; organization.js churn 29% (frontend); organization.js churn 21% (frontend); organization.hbs churn 155% (frontend); index.hbs churn 142% (frontend); index.js churn 82% (frontend); 3/3 routes are upstream actions),none,spec/controllers/api/organizations_controller_spec.rb; spec/models/organization_spec.rb; app/frontend/tests/models/organization-test.js,both: agent for the stats and logs API; human for dashboard rendering,writes,7,yes: communicator usage logs or utterances; AI processing; organization roster or membership,,"AGENT-REPORTED: static read by an inventory agent; citations bounds-checked, content not re-read by the author",,GET /api/v1/organizations/:id api/organizations#show | GET /api/v1/organizations/:organization_id/stats api/organizations#stats | GET /api/v1/organizations/:organization_id/logs api/organizations#logs,organization:/organizations/:id
ORG-04,"Org, district & system admin; integrations","Org roster lists: communicators, supervisors, managers, eval accounts, premium-symbol users",org-admin,"organization.people app/frontend/app/templates/organization/people.hbs:1; app/frontend/app/controllers/organization/people.js:30,43,56,68,80","api/organizations#users organizations_controller.rb:18, #supervisors :182, #managers :201, #evals :208, #extras :175; all need 'edit' (assistant organization.rb:43 or manager :44), include_email true",heavily modified (vs sweet-suite mirror 55aaa8a: organizations_controller.rb churn 39%; organization.rb churn 22%; people.hbs absent; people.js absent; people.js absent; 5/5 routes are upstream actions),none,spec/controllers/api/organizations_controller_spec.rb,agent: list endpoints per role,external-send,7,yes: account identity or contact details; organization roster or membership,,"AGENT-REPORTED: static read by an inventory agent; citations bounds-checked, content not re-read by the author",,GET /api/v1/organizations/:organization_id/users api/organizations#users | GET /api/v1/organizations/:organization_id/supervisors api/organizations#supervisors | GET /api/v1/organizations/:organization_id/managers api/organizations#managers | GET /api/v1/organizations/:organization_id/evals api/organizations#evals | GET /api/v1/organizations/:organization_id/extras api/organizations#extras,organization.people:/people
ORG-05,"Org, district & system admin; integrations","Add or remove org members (sponsored, unsponsored or third-party communicator, supervisor, premium supervisor, manager, assistant, eval, premium symbols) with offboarding",org-admin,"app/frontend/app/templates/organization/people.hbs:52-54; app/frontend/app/controllers/organization/people.js:171 (new-user modal), :179, :236 (sets management_action); app/frontend/app/components/new-user.js:80","api/organizations#update organizations_controller.rb:844 (edit) -> Organization#process_params management_action app/models/organization.rb:1849-1880; add_manager :166; add_supervisor :262; add_user :1037; remove_user :1064 (COPPA birth-month check :1071-1078, family offboarding :1105-1111)",heavily modified (vs sweet-suite mirror 55aaa8a: organizations_controller.rb churn 39%; organization.rb churn 22%; new-user.js churn 44% (frontend) (moved from app/frontend/app/controllers/new-user.js); license.rb absent; people.js absent; people.hbs absent; 2/2 routes are upstream actions),none,spec/controllers/api/organizations_controller_spec.rb; spec/models/organization_spec.rb,both: agent for API state; human for the confirm and offboarding modals and approval notifications,destructive,7,"yes: account identity or contact details; age, consent or guardian data; organization roster or membership",,"AGENT-REPORTED: static read by an inventory agent; citations bounds-checked, content not re-read by the author",,PATCH /api/v1/organizations/:id api/organizations#update | PUT /api/v1/organizations/:id api/organizations#update,organization.people:/people
ORG-06,"Org, district & system admin; integrations",District license seats: list seats and claim a user into a seat (API only),org-admin,none (API/background only; no Ember caller of /licenses or /claim_user in app/frontend/app),api/organizations#licenses organizations_controller.rb:227 (edit); #claim_user :245 (manage) -> Organization#claim_user app/models/organization.rb:19-35; writes AuditEvent license_claim :253; License#release_user! writes AuditEvent license_release app/models/license.rb:83-89,LingoLinq-new (vs sweet-suite mirror 55aaa8a: organizations_controller.rb churn 39%; organization.rb churn 22%; license.rb absent; license.rb absent; 0/2 routes are upstream actions),none,spec/controllers/api/organizations_controller_spec.rb,agent: API plus AuditEvent rows,destructive,7,"yes: age, consent or guardian data; audit or compliance records; organization roster or membership",no UI entry (API only),"AGENT-REPORTED: static read by an inventory agent; citations bounds-checked, content not re-read by the author",,GET /api/v1/organizations/:organization_id/licenses api/organizations#licenses | POST /api/v1/organizations/:organization_id/claim_user api/organizations#claim_user,
ORG-07,"Org, district & system admin; integrations","Org reports: all communicators, supervisors, evals, recent sessions, logged or not logged, unused, and status/access/device/vocab/grid breakdowns",org-admin,"organization.reports app/frontend/app/controllers/organization/reports.js:26-63 (report list), :129-150 (URL builder); templates/organization/reports.hbs","api/organizations#admin_reports organizations_controller.rb:338 (edit; non-admin allowlist :342-347; scoped to org and downstream links :439-445, :504, :536) plus users/supervisors/evals/logs",upstream sweet-suite (vs sweet-suite mirror 55aaa8a: organizations_controller.rb churn 39%; reports.js churn 144% (frontend); reports.hbs churn 185% (frontend); reports.js churn 0% (frontend); 1/1 routes are upstream actions),none,spec/controllers/api/organizations_controller_spec.rb,agent: report API per report id,writes,7,yes: account identity or contact details; organization roster or membership,dead or orphaned route or code,"AGENT-REPORTED: static read by an inventory agent; citations bounds-checked, content not re-read by the author",,GET /api/v1/organizations/:organization_id/admin_reports api/organizations#admin_reports,organization.reports:/reports
ORG-08,"Org, district & system admin; integrations","Site-admin global reports: new users, subscriptions, premium voices, feature flags, totals, org sizes, home boards, missing words and symbols",system,organization.reports on the admin org app/frontend/app/controllers/organization/reports.js:34-53,"api/organizations#admin_reports organizations_controller.rb:338 (non-allowlisted reports need org.admin :344-346): new_users :433, subscriptions :508, premium_voices reads AuditEvent :560, feature_flags :588, totals :597, org_sizes :392, home_boards :398, missing_words :540",upstream sweet-suite (vs sweet-suite mirror 55aaa8a: organizations_controller.rb churn 39%; reports.js churn 144% (frontend); 1/1 routes are upstream actions),none,spec/controllers/api/organizations_controller_spec.rb,agent: API as admin-org manager,none (read-only),7,yes: account identity or contact details; audit or compliance records,commented-out code,CONFIRMED: cited lines re-read against the code by the author,,GET /api/v1/organizations/:organization_id/admin_reports api/organizations#admin_reports,organization.reports:/reports
ORG-09,"Org, district & system admin; integrations",Set communicator implementation status (for example Waiting for Device or Training Started) with a note,supervisor-SLP; org-admin,"app/frontend/app/components/user-status.js:113, opened from controllers/organization/reports.js:338 and controllers/organization/room.js:214",api/organizations#set_status organizations_controller.rb:40 (org supervisor/manager or manage; user must be an org_user of this org or a downstream org :45-50; needs supervise on the user :53); posts a LogSession.message to the user :86-91,upstream sweet-suite (vs sweet-suite mirror 55aaa8a: organizations_controller.rb churn 39%; user-status.js churn 191% (frontend) (moved from app/frontend/app/controllers/modals/user-status.js); 1/1 routes are upstream actions),none,spec/controllers/api/organizations_controller_spec.rb,agent: API and resulting message log,writes,7,yes: communicator usage logs or utterances; clinical or evaluation data,,"AGENT-REPORTED: static read by an inventory agent; citations bounds-checked, content not re-read by the author",,POST /api/v1/organizations/:organization_id/status/:user_id api/organizations#set_status,
ORG-10,"Org, district & system admin; integrations",Org telemetry dashboard page,org-admin; system,organization.telemetry tab app/frontend/app/templates/organization.hbs:21; app/frontend/app/controllers/organization/telemetry.js:179; also app/frontend/app/templates/organization.hbs:21-23,"api/telemetry#organization app/controllers/api/telemetry_controller.rb:16-49 (org edit; scope none/global need site admin :20-37); route owned by another slice; also app/controllers/api/telemetry_controller.rb:16-53, lib/telemetry_stats.rb:5",LingoLinq-new (vs sweet-suite mirror 55aaa8a: organization.hbs churn 155% (frontend); telemetry.hbs absent; telemetry.js absent; telemetry.js absent; telemetry_controller.rb absent; telemetry_stats.rb absent; 0/1 routes are upstream actions),"telemetry_admin_panel (code: AVAILABLE only, off; lib/feature_flags.rb:24), or currentUser.admin; read templates/organization.hbs:21",spec/controllers/api/telemetry_controller_spec.rb,both: agent for the API; human for charts,writes,7,yes: communicator usage logs or utterances; organization roster or membership,,"AGENT-REPORTED: static read by an inventory agent; citations bounds-checked, content not re-read by the author",,GET /api/v1/organizations/:organization_id/telemetry api/telemetry#organization,organization.telemetry:/telemetry
ORG-11,"Org, district & system admin; integrations","Org billing page: allotted licenses, supervisor/eval/premium-symbol seats, expiry, purchase history",org-admin; system,"organization.subscription app/frontend/app/templates/organization/subscription.hbs:1-4 (manage to view, manage_subscription to edit); app/frontend/app/controllers/organization/subscription.js",api/organizations#update organizations_controller.rb:844; license fields stripped without update_licenses :850-857; purchase_history lib/json_api/organization.rb:133-135; manage_subscription only for admin-org managers app/models/organization.rb:46,upstream sweet-suite (vs sweet-suite mirror 55aaa8a: organizations_controller.rb churn 39%; organization.rb churn 22%; subscription.hbs churn 66% (frontend); subscription.js churn 225% (frontend); subscription.js churn 0% (frontend); 2/2 routes are upstream actions),none,spec/controllers/api/organizations_controller_spec.rb,agent: update as org manager vs admin,destructive,7,no,dead or orphaned route or code; no UI entry (API only),"AGENT-REPORTED: static read by an inventory agent; citations bounds-checked, content not re-read by the author",,PATCH /api/v1/organizations/:id api/organizations#update | PUT /api/v1/organizations/:id api/organizations#update,organization.subscription:/subscription
ORG-12,"Org, district & system admin; integrations","Site-admin extras page: blocked emails and cells, block email, sale cutoff date, start code lookup, word data import, gift/discount codes",system,"organization.extras (tab gated admin && manage, app/frontend/app/templates/organization.hbs:29); app/frontend/app/templates/organization/extras.hbs:1-2; app/frontend/app/controllers/organization/extras.js:29,35,79-80,85,98,113","api/organizations#blocked_emails organizations_controller.rb:766, #blocked_cells :774, #extra_action :800 (admin org only, then manage): block_email :806, add_sentence_suggestion :813, word_data_import :818-819 -> app/models/word_data.rb:86 Typhoeus.get(url)",upstream sweet-suite (vs sweet-suite mirror 55aaa8a: organizations_controller.rb churn 39%; word_data.rb churn 26%; extras.hbs churn 91% (frontend); extras.js churn 24% (frontend); extras.js churn 0% (frontend); 3/3 routes are upstream actions),none,spec/controllers/api/organizations_controller_spec.rb,agent: API as admin,external-send,7,yes: account identity or contact details,,"AGENT-REPORTED: static read by an inventory agent; citations bounds-checked, content not re-read by the author",,GET /api/v1/organizations/:organization_id/blocked_emails api/organizations#blocked_emails | GET /api/v1/organizations/:organization_id/blocked_cells api/organizations#blocked_cells | POST /api/v1/organizations/:organization_id/extra_action api/organizations#extra_action,organization.extras:/extras
ORG-13,"Org, district & system admin; integrations","Org trainings (lessons): list, create/assign and unassign org lessons, completion tracking",org-admin,"organization.lessons app/frontend/app/templates/organization.hbs:25; app/frontend/app/controllers/organization/lessons.js:17, :161, :169 (assign-lesson modal), :188 (unassign)","api/lessons#index app/controllers/api/lessons_controller.rb:13-16, #create :45-48, #assign :139-142, #unassign :164-167 (org edit); lessons routes owned by another slice",upstream sweet-suite (vs sweet-suite mirror 55aaa8a: lessons_controller.rb churn 38%; lessons.hbs churn 48% (frontend); lessons.js churn 20% (frontend); lessons.js churn 0% (frontend)),"lessons (code: ENABLED_FRONTEND_FEATURES lib/feature_flags.rb:125); read templates/organization.hbs:25 and templates/organization/room.hbs:97,176",spec/controllers/api/lessons_controller_spec.rb,both: agent for the API; human for lesson content,writes,7,yes: organization roster or membership,,"AGENT-REPORTED: static read by an inventory agent; citations bounds-checked, content not re-read by the author",,,organization.lessons:/lessons
ORG-14,"Org, district & system admin; integrations","Rooms (org units): list, create, rename, delete, add or remove room supervisors and communicators",supervisor-SLP; org-admin,"organization.rooms app/frontend/app/controllers/organization/rooms.js:15, :64 (create), :74 (delete), :93, :115 (membership)","api/units#index app/controllers/api/units_controller.rb:4 (org edit), #create :15, #show :250, #update :257 -> OrganizationUnit#process_action app/models/organization_unit.rb:71-86 (add_supervisor needs an org supervisor :91; add_communicator needs a managed, non-pending org user :139), #destroy :271; permissions organization_unit.rb:14-17",upstream sweet-suite (vs sweet-suite mirror 55aaa8a: units_controller.rb churn 4%; organization_unit.rb churn 2%; unit.rb churn 4%; rooms.js churn 28% (frontend); rooms.hbs churn 207% (frontend); rooms.js churn 0% (frontend); unit.js churn 47% (frontend); 6/6 routes are upstream actions),none,spec/controllers/api/units_controller_spec.rb; spec/models/organization_unit_spec.rb; app/frontend/tests/models/unit-test.js,agent: unit API per role,destructive,7,yes: organization roster or membership,,"AGENT-REPORTED: static read by an inventory agent; citations bounds-checked, content not re-read by the author",,GET /api/v1/units api/units#index | POST /api/v1/units api/units#create | GET /api/v1/units/:id api/units#show | PATCH /api/v1/units/:id api/units#update | PUT /api/v1/units/:id api/units#update | DELETE /api/v1/units/:id api/units#destroy,organization.rooms:/rooms
ORG-15,"Org, district & system admin; integrations","Room detail: weekly session and goal stats, word stats, session logs, room goal, profiles",supervisor-SLP; org-admin,"organization.room app/frontend/app/routes/organization/room.js:9,22; app/frontend/app/models/unit.js:43 (stats), :69 (logs); app/frontend/app/controllers/organization/room.js:25 (log_stats), :114, :225-236 (goal)","api/units#stats units_controller.rb:68, #log_stats :147, #logs :238 (view_stats: room supervisors or org manage, organization_unit.rb:14,17)",upstream sweet-suite (vs sweet-suite mirror 55aaa8a: units_controller.rb churn 4%; organization_unit.rb churn 2%; room.js churn 19% (frontend); room.hbs churn 79% (frontend); room.js churn 26% (frontend); unit.js churn 47% (frontend); 3/3 routes are upstream actions),none,spec/controllers/api/units_controller_spec.rb,both: agent for the API; human for charts,none (read-only),7,yes: communicator usage logs or utterances; clinical or evaluation data,,"AGENT-REPORTED: static read by an inventory agent; citations bounds-checked, content not re-read by the author",,GET /api/v1/units/:unit_id/stats api/units#stats | GET /api/v1/units/:unit_id/log_stats api/units#log_stats | GET /api/v1/units/:unit_id/logs api/units#logs,organization.room:/rooms/:room_id
ORG-16,"Org, district & system admin; integrations","Message room members (communicators, supervisors or all), optionally with a video",supervisor-SLP; org-admin,app/frontend/app/controllers/organization/room.js:247 -> app/frontend/app/components/message-unit.js:108; app/frontend/app/controllers/modals/message-unit.js:81,api/units#note units_controller.rb:29-66 (view_stats) -> LogSession.schedule_for message_all,upstream sweet-suite (vs sweet-suite mirror 55aaa8a: units_controller.rb churn 4%; message-unit.js churn 149% (frontend) (moved from app/frontend/app/controllers/modals/message-unit.js); message-unit.js churn 20% (frontend); 1/1 routes are upstream actions),none,spec/controllers/api/units_controller_spec.rb,both: agent for queued messages; human for notification/email delivery,writes,7,yes: communicator usage logs or utterances,,"AGENT-REPORTED: static read by an inventory agent; citations bounds-checked, content not re-read by the author",,POST /api/v1/units/:unit_id/note api/units#note,
ORG-17,"Org, district & system admin; integrations","Org settings: name, symbols, locale, US/EU jurisdiction, beta access for start codes, third-party AI toggle, home boards, logo, admin-only timeout/org access/premium/parent org, support emails, colors, note templates",org-admin; system,"organization.settings app/frontend/app/templates/organization/settings.hbs:36-39 (jurisdiction), :55-61 (third-party AI), :82 (admin section gated on delete), :146 (premium section); app/frontend/app/controllers/organization/settings.js:189",api/organizations#update organizations_controller.rb:844 (edit) -> Organization#process_params app/models/organization.rb:1569+; external_ai_processing gate organization.rb:1543-1558,upstream sweet-suite (vs sweet-suite mirror 55aaa8a: organizations_controller.rb churn 39%; organization.rb churn 22%; organization.rb churn 4%; settings.hbs churn 173% (frontend); settings.js churn 73% (frontend); settings.js churn 0% (frontend); 2/2 routes are upstream actions),none,spec/controllers/api/organizations_controller_spec.rb; spec/models/organization_spec.rb; spec/models/organization_jurisdiction_spec.rb,agent: update API and effects,external-send,7,"yes: age, consent or guardian data; AI processing; organization roster or membership",,"AGENT-REPORTED: static read by an inventory agent; citations bounds-checked, content not re-read by the author",jurisdiction-primitive,PATCH /api/v1/organizations/:id api/organizations#update | PUT /api/v1/organizations/:id api/organizations#update,organization.settings:/settings
ORG-18,"Org, district & system admin; integrations",External authentication (SAML) for an org and linking an external alias to an org user,org-admin; system,"app/frontend/app/templates/organization/settings.hbs:126-137 (beta checkbox, metadata/SSO URLs, enforce); app/frontend/app/components/supervision-settings.js:177 (alias)",api/organizations#update saml_* in process_params app/models/organization.rb:1569+; #alias organizations_controller.rb:782 (edit; user must be attached to the org :784; org needs saml_metadata_url :791) -> Organization#link_saml_alias organization.rb:829,upstream sweet-suite (vs sweet-suite mirror 55aaa8a: organizations_controller.rb churn 39%; organization.rb churn 22%; settings.hbs churn 173% (frontend); supervision-settings.js churn 94% (frontend) (moved from app/frontend/app/controllers/supervision-settings.js); 2/2 routes are upstream actions),none,spec/controllers/api/organizations_controller_spec.rb,human: needs a real SAML IdP,external-send,7,yes: user data,,"AGENT-REPORTED: static read by an inventory agent; citations bounds-checked, content not re-read by the author",,POST /api/v1/organizations/:organization_id/alias api/organizations#alias | PATCH /api/v1/organizations/:id api/organizations#update,organization.settings:/settings
ORG-19,"Org, district & system admin; integrations","Custom-domain branding for an org: app name, logos, CSS, store URLs, email signature",org-admin; system,app/frontend/app/templates/organization/settings.hbs:246-282 (shown only when model.custom_domain),api/organizations#update -> host_settings in Organization#process_params app/models/organization.rb:1569+; served to clients via api/integrations#domain_settings app/controllers/api/integrations_controller.rb:77,upstream sweet-suite (vs sweet-suite mirror 55aaa8a: organization.rb churn 22%; organization.rb churn 4%; settings.hbs churn 173% (frontend); 1/1 routes are upstream actions),none,spec/models/organization_spec.rb,human: visual branding on a custom domain,external-send,7,no,,"AGENT-REPORTED: static read by an inventory agent; citations bounds-checked, content not re-read by the author",,PATCH /api/v1/organizations/:id api/organizations#update,organization.settings:/settings
ORG-20,"Org, district & system admin; integrations","Manage org start codes: create with overrides, delete",org-admin,"app/frontend/app/templates/organization/settings.hbs:181-190 -> controllers/organization/settings.js:166 (start-codes modal); app/frontend/app/components/start-codes.js:143-147 (delete), :221-228 (create)","api/organizations#start_code organizations_controller.rb:98 (edit) -> Organization.activation_code app/models/organization.rb:1284, remove_start_code :1358",heavily modified (vs sweet-suite mirror 55aaa8a: organizations_controller.rb churn 39%; organization.rb churn 22%; settings.js churn 73% (frontend); start-codes.js absent; 1/1 routes are upstream actions),none,spec/controllers/api/organizations_controller_spec.rb,"agent: create, delete and lookup",destructive,7,no,,"AGENT-REPORTED: static read by an inventory agent; citations bounds-checked, content not re-read by the author",,POST /api/v1/organizations/:organization_id/start_code api/organizations#start_code,organization.settings:/settings
ORG-21,"Org, district & system admin; integrations",Start code lookup at registration and in the admin lookup page,anonymous; communicator; supervisor-SLP; org-admin; system,app/frontend/app/controllers/register.js:364; app/frontend/app/controllers/start_codes.js:21,api/organizations#start_code_lookup organizations_controller.rb:122 (anonymous callers need the verifier :129; org/user editors get up to 50 linked users :164-168; user targets return an obfuscated name :163),upstream sweet-suite (vs sweet-suite mirror 55aaa8a: organizations_controller.rb churn 39%; organization.rb churn 22%; register.js churn 1224% (frontend); start_codes.js churn 7% (frontend); 1/1 routes are upstream actions),none,spec/controllers/api/organizations_controller_spec.rb,agent: anonymous vs editor lookup,writes,0,yes: account identity or contact details; audio or video recordings; organization roster or membership,,"AGENT-REPORTED: static read by an inventory agent; citations bounds-checked, content not re-read by the author",,GET /api/v1/start_code api/organizations#start_code_lookup,
ORG-22,"Org, district & system admin; integrations",Org profiles: communicator and supervisor profile templates with frequency and completion tracking,supervisor-SLP; org-admin,app/frontend/app/templates/organization/settings.hbs:210-240; app/frontend/app/templates/organization/index.hbs:226; app/frontend/app/controllers/organization/room.js:206-210 (profiles modal),api/organizations#update -> communicator_profile/supervisor_profile in process_params app/models/organization.rb:1569+ (a private ProfileTemplate must belong to this org); #stats recent-profile counts organizations_controller.rb:277-303,upstream sweet-suite (vs sweet-suite mirror 55aaa8a: organization.rb churn 22%; organizations_controller.rb churn 39%; settings.hbs churn 173% (frontend); index.hbs churn 142% (frontend); 2/2 routes are upstream actions),profiles (code: ENABLED_FRONTEND_FEATURES lib/feature_flags.rb:125); read templates/organization/settings.hbs:210 and templates/organization/index.hbs:226,spec/controllers/api/organizations_controller_spec.rb; spec/models/organization_spec.rb,both: agent for settings and stats; human for completing a profile,writes,7,yes: account identity or contact details; clinical or evaluation data,,"AGENT-REPORTED: static read by an inventory agent; citations bounds-checked, content not re-read by the author",,PATCH /api/v1/organizations/:id api/organizations#update | GET /api/v1/organizations/:organization_id/stats api/organizations#stats,organization.settings:/settings
ORG-23,"Org, district & system admin; integrations","Org data policy: logging, geo logging, reports, publishing, retention and research floor, inherited by child orgs (API only)",org-admin,none (API/background only; no data_policy reference in app/frontend/app),"api/organizations#update_data_policy organizations_controller.rb:876 (manage) -> Organization#update_data_policy app/models/organization.rb:127-147 (AuditEvent data_policy_update :141); parent inheritance :105-124; exposed lib/json_api/organization.rb:33-35; enforced app/models/log_session.rb:70,361 and lib/data_policy_enforcer.rb:22-23",LingoLinq-new (vs sweet-suite mirror 55aaa8a: organizations_controller.rb churn 39%; organization.rb churn 22%; log_session.rb churn 12%; data_policy_enforcer.rb absent; 0/1 routes are upstream actions),none,spec/models/organization_spec.rb; spec/lib/data_policy_enforcer_spec.rb; spec/models/log_session_spec.rb,agent: PUT then check log behavior and AuditEvent,destructive,7,yes: location; audit or compliance records,no UI entry (API only),"AGENT-REPORTED: static read by an inventory agent; citations bounds-checked, content not re-read by the author",,PUT /api/v1/organizations/:organization_id/data_policy api/organizations#update_data_policy,
ORG-24,"Org, district & system admin; integrations",Database explorer: allowlisted table schema and paginated rows,system,database route app/frontend/app/routes/database.js:10-25 (admin or admin_support_actions); navbar app/frontend/app/templates/application.hbs:1447-1449 (controllers/application.js:125),"api/database_schema#index app/controllers/api/database_schema_controller.rb:14; api/database_contents#index app/controllers/api/database_contents_controller.rb:16; gate app/controllers/concerns/api/schema_explorer.rb:89-95 (User#admin? or admin_support_actions_allowed? app/controllers/application_controller.rb:307-309); fail-closed AuditEvent database_schema.rb:86-97, database_contents.rb:98-111",LingoLinq-new (vs sweet-suite mirror 55aaa8a: database_schema_controller.rb absent; database_contents_controller.rb absent; schema_explorer.rb absent; database.js absent; database.js absent; database.hbs absent; 0/2 routes are upstream actions),none,spec/controllers/api/database_schema_controller_spec.rb; spec/controllers/api/database_contents_controller_spec.rb,agent: 403 for non-admins; AuditEvent row per read,none (read-only),8,yes: communicator usage logs or utterances; audit or compliance records; organization roster or membership; board content,,"AGENT-REPORTED: static read by an inventory agent; citations bounds-checked, content not re-read by the author",,GET /api/v1/database_schema api/database_schema#index | GET /api/v1/database_contents api/database_contents#index,database:/database
ORG-25,"Org, district & system admin; integrations","System Settings: email template list, editor, per-org override, reset, preview",system,"system-settings route app/frontend/app/routes/system-settings.js:10-25; index redirects to emails app/frontend/app/routes/system-settings/index.js:7-9; app/frontend/app/controllers/system-settings/emails.js:63; app/frontend/app/controllers/system-settings/email-edit.js:122,162,185,211; navbar app/frontend/app/templates/application.hbs:1450-1452","api/system_email_templates#index app/controllers/api/system_email_templates_controller.rb:11, #show :31, #update :42, #destroy :57, #preview :69 (synthetic sample user lib/system_email_preview.rb:49-56); access app/controllers/concerns/api/system_settings_access.rb:14-20; write scope :44-60 (site-wide needs settings['admin'] :22-27)",LingoLinq-new (vs sweet-suite mirror 55aaa8a: system_email_templates_controller.rb absent; system_settings_access.rb absent; system_email_templates.rb absent; system_email_registry.rb absent; system_email_template_security.rb absent; system_email_preview.rb absent; emails.js absent; email-edit.js absent; email-edit.hbs absent; 0/5 routes are upstream actions),none,spec/controllers/api/system_email_templates_controller_spec.rb; spec/lib/system_email_templates_spec.rb; spec/lib/system_email_template_security_spec.rb; spec/lib/system_email_preview_spec.rb; app/frontend/tests/integration/system-settings-input-fields-test.js,both: agent for API and template validation; human for rendered email appearance and delivery,destructive; external-send,8,no,,"AGENT-REPORTED: static read by an inventory agent; citations bounds-checked, content not re-read by the author",,GET /api/v1/system_email_templates api/system_email_templates#index | GET /api/v1/system_email_templates/:id api/system_email_templates#show | PUT /api/v1/system_email_templates/:id api/system_email_templates#update | DELETE /api/v1/system_email_templates/:id api/system_email_templates#destroy | POST /api/v1/system_email_templates/:id/preview api/system_email_templates#preview,system-settings:/system-settings | system-settings.index:/ | system-settings.emails:/emails | system-settings.email-edit:/emails/:template_slug
ORG-26,"Org, district & system admin; integrations",System Settings: site-wide app defaults (branding fields),system,"system-settings.app-defaults (tab only when settings.admin === true: app/frontend/app/controllers/system-settings.js:56-60, templates/system-settings.hbs:31-33); app/frontend/app/controllers/system-settings/app-defaults.js:20,59",api/system_app_defaults#show app/controllers/api/system_app_defaults_controller.rb:9 (admin or admin-support); #update :28 (require_site_admin! :6),LingoLinq-new (vs sweet-suite mirror 55aaa8a: system_app_defaults_controller.rb absent; system_app_defaults.rb absent; app-defaults.js absent; app-defaults.hbs absent; 0/2 routes are upstream actions),none,spec/controllers/api/system_app_defaults_controller_spec.rb; spec/lib/system_app_defaults_spec.rb,agent: GET/PUT as site admin vs admin-org manager,writes,8,no,,"AGENT-REPORTED: static read by an inventory agent; citations bounds-checked, content not re-read by the author",,GET /api/v1/system_app_defaults api/system_app_defaults#show | PUT /api/v1/system_app_defaults api/system_app_defaults#update,system-settings.app-defaults:/app-defaults
ORG-27,"Org, district & system admin; integrations","System Settings: feature toggles per scope (site default, canary/beta group, single org)",system,"system-settings.features app/frontend/app/controllers/system-settings/features.js:144,189,209","api/system_features#index app/controllers/api/system_features_controller.rb:10, #update :39, #destroy :57 (read/write scope checks :6-7, :73-76; site-wide writes need site admin); lib/system_feature_settings.rb; lib/system_feature_registry.rb",LingoLinq-new (vs sweet-suite mirror 55aaa8a: system_features_controller.rb absent; system_settings_access.rb absent; system_feature_settings.rb absent; system_feature_registry.rb absent; system_feature_group_registry.rb absent; features.js absent; features.hbs absent; 0/3 routes are upstream actions),manages all flags; production overrides code defaults (lib/system_feature_settings.rb),spec/controllers/api/system_features_controller_spec.rb; spec/lib/system_feature_settings_spec.rb; app/frontend/tests/unit/controllers/system-settings-features-save-error-test.js,agent: toggle then read effective flags,destructive,8,yes: AI processing; audit or compliance records; organization roster or membership,,"AGENT-REPORTED: static read by an inventory agent; citations bounds-checked, content not re-read by the author",,GET /api/v1/system_features api/system_features#index | PUT /api/v1/system_features api/system_features#update | DELETE /api/v1/system_features api/system_features#destroy,system-settings.features:/features
ORG-28,"Org, district & system admin; integrations",Resque job web UI at /jobby,anonymous; system,app/frontend/app/controllers/organization.js:32 (jobs action),"mount Resque::Server config/routes.rb:35 with AdminConstraint lib/admin_constraint.rb:2-11 (admin_token cookie -> Redis -> User#admin?); cookie set by session#auth_admin app/controllers/session_controller.rb:248-257; also app/controllers/session_controller.rb:248, lib/admin_constraint.rb:2",heavily modified (vs sweet-suite mirror 55aaa8a: routes.rb churn 56%; admin_constraint.rb churn 0%; session_controller.rb churn 115%; organization.js churn 21% (frontend); 2/2 routes are upstream actions),none,spec/controllers/session_controller_spec.rb,both: browser cookie flow into the Resque UI / admin vs non-admin POST,writes,8,yes: audio or video recordings,dead or orphaned route or code,"AGENT-REPORTED: static read by an inventory agent; citations bounds-checked, content not re-read by the author",,ANY /jobby Resque::Server | POST /api/v1/auth/admin session#auth_admin,
ORG-29,"Org, district & system admin; integrations",Background job progress polling,anonymous; communicator; supervisor-SLP; org-admin; system,none (API/background only; app/frontend/app/utils/progress_tracker.js:12-17 polls status_url from lib/json_api/progress.rb:11),api/progress#progress app/controllers/api/progress_controller.rb:2-7; permissions app/models/progress.rb:13-20,upstream sweet-suite (vs sweet-suite mirror 55aaa8a: progress_controller.rb churn 0%; progress.rb churn 27%; progress.rb churn 25%; progress_tracker.js churn 84% (frontend); 1/1 routes are upstream actions),none,spec/controllers/api/progress_controller_spec.rb; spec/models/progress_spec.rb,agent: owner vs other-user GET,writes,2,yes: user data,,"AGENT-REPORTED: static read by an inventory agent; citations bounds-checked, content not re-read by the author",,GET /api/v1/progress/:id api/progress#progress,
ORG-30,"Org, district & system admin; integrations",Content-Security-Policy violation report ingestion,system,none (browser-generated; config/initializers/content_security_policy.rb:111 report_uri),Api::V1::CspReportsController#create app/controllers/api/v1/csp_reports_controller.rb:32,LingoLinq-new (vs sweet-suite mirror 55aaa8a: csp_reports_controller.rb absent; content_security_policy.rb absent; csp_report_mime_types.rb absent; 0/1 routes are upstream actions),none,spec/controllers/api/v1/csp_reports_controller_spec.rb,agent: POST sample reports,writes,8,no,,"AGENT-REPORTED: static read by an inventory agent; citations bounds-checked, content not re-read by the author",,POST /api/v1/csp-reports api/v1/csp_reports#create,
ORG-31,"Org, district & system admin; integrations","AWS SNS callbacks: subscription confirm, media transcoding events, inbound SMS replies",system,none (API/background only),api/callbacks#callback app/controllers/api/callbacks_controller.rb:4-56: SubscriptionConfirmation accepted for ARNs in ENV SNS_ARNS :10-22; transcoder Notification verified :27-30 -> Transcoder.handle_event; inbound SMS verified :41-44 -> RemoteTarget.process_inbound,upstream sweet-suite (vs sweet-suite mirror 55aaa8a: callbacks_controller.rb churn 15%; 1/1 routes are upstream actions),none,spec/controllers/api/callbacks_controller_spec.rb,"human: needs real AWS SNS, MediaConvert and SMS",external-send,2,yes: user data,TODO or FIXME in code,"AGENT-REPORTED: static read by an inventory agent; citations bounds-checked, content not re-read by the author",,POST /api/v1/callback api/callbacks#callback,
ORG-32,"Org, district & system admin; integrations",Per-host domain settings bootstrap (branding and consent-age injection),anonymous; communicator; supervisor-SLP; org-admin; system,app/frontend/app/index.html:685 (fetch at boot),api/integrations#domain_settings app/controllers/api/integrations_controller.rb:77-87 (merges coppa_consent_age_injection and compliance_kernel_injection),heavily modified (vs sweet-suite mirror 55aaa8a: integrations_controller.rb churn 190%; index.html churn 2728% (frontend); app-state.js churn 103% (frontend) (moved from app/frontend/app/utils/app_state.js); 1/1 routes are upstream actions),none,spec/controllers/api/integrations_controller_spec.rb,agent: GET per host,none (read-only),0,no,,"AGENT-REPORTED: static read by an inventory agent; citations bounds-checked, content not re-read by the author",,GET /api/v1/domain_settings api/integrations#domain_settings,
ORG-33,"Org, district & system admin; integrations","App connections / installed tools (LessonPix, IFTTT, custom tools): browse, connect, view, delete",anonymous; communicator; supervisor-SLP,"user.edit app/frontend/app/templates/user/edit.hbs:452-462 (Connect To LessonPix / IFTTT), :575 (Manage Tools and Connections), :438 (premium warning); app/frontend/app/controllers/user/edit.js:261; board integrations app/frontend/app/templates/board/index.hbs:3","api/integrations#index app/controllers/api/integrations_controller.rb:4 (templates public; per-user list needs supervise :9), #show :19 (global/template integrations view '*' app/models/user_integration.rb:20), #create :30 (supervise), #update :53, #destroy :66 (owner or user-editor user_integration.rb:21-24); LessonPix credential check user_integration.rb:198-209",heavily modified (vs sweet-suite mirror 55aaa8a: integrations_controller.rb churn 190%; user_integration.rb churn 5%; integration.rb churn 21%; edit.js churn 19% (frontend); edit.hbs churn 132% (frontend); add-integration.js churn 85% (frontend); add-tool.js churn 177% (frontend) (moved from app/frontend/app/controllers/add-tool.js); integration.js churn 110% (frontend); 6/6 routes are upstream actions),"app_connections and lessonpix are in ENABLED_FRONTEND_FEATURES (lib/feature_flags.rb:119-120) but never read. premium: client-only warnings on currently_premium_or_premium_supporter (templates/user/edit.hbs:438, templates/board/index.hbs:3); no server-side premium check in integrations_controller.rb or user_integration.rb",spec/controllers/api/integrations_controller_spec.rb; spec/models/user_integration_spec.rb,both: agent for the API; human with real LessonPix and IFTTT accounts,destructive,3,yes: AI processing; credentials or tokens; board content,flag never read,"AGENT-REPORTED: static read by an inventory agent; citations bounds-checked, content not re-read by the author",,GET /api/v1/integrations api/integrations#index | POST /api/v1/integrations api/integrations#create | GET /api/v1/integrations/:id api/integrations#show | PATCH /api/v1/integrations/:id api/integrations#update | PUT /api/v1/integrations/:id api/integrations#update | DELETE /api/v1/integrations/:id api/integrations#destroy,
ORG-34,"Org, district & system admin; integrations","Webhooks (event handlers): add, list, test, update, delete; new_session/new_utterance push",communicator; supervisor-SLP,"app/frontend/app/templates/user/edit.hbs:569 (add custom handler); app/frontend/app/controllers/user/edit.js:241 (add-webhook), :257 (test-webhook); app/frontend/app/controllers/test-webhook.js:13","api/webhooks#index app/controllers/api/webhooks_controller.rb:4 (supervise), #create :13 (supervise), #test :27 -> Progress.schedule :31, #update :35, #destroy :48; USER_WEBHOOKS app/models/webhook.rb:19-21; permissions :23-26",heavily modified (vs sweet-suite mirror 55aaa8a: webhooks_controller.rb churn 22%; webhook.rb churn 12%; add-webhook.js churn 100% (frontend); test-webhook.js churn 75% (frontend); edit.js churn 19% (frontend); safe_http.rb absent; 6/6 routes are upstream actions),"app_connections (code: ENABLED, lib/feature_flags.rb:120) but not read",spec/controllers/api/webhooks_controller_spec.rb; spec/models/webhook_spec.rb,both: agent for the API; human for a live receiving endpoint,destructive; external-send,3,yes: communicator usage logs or utterances,flag never read,"AGENT-REPORTED: static read by an inventory agent; citations bounds-checked, content not re-read by the author",,POST /api/v1/webhooks/:webhook_id/test api/webhooks#test | GET /api/v1/webhooks api/webhooks#index | POST /api/v1/webhooks api/webhooks#create | PATCH /api/v1/webhooks/:id api/webhooks#update | PUT /api/v1/webhooks/:id api/webhooks#update | DELETE /api/v1/webhooks/:id api/webhooks#destroy,
SYS-01,"Background jobs, mail & platform services",Scheduler dispatch (hourly and daily jobs run by the Cloud Run scheduler Job),system,none (background),lib/tasks/scheduler.rake:73-264 (task scheduler:dispatch). Hourly tasks :118-137. Daily block runs only when hour==6 :140-255. The run aborts non-zero if any task failed :257-262,heavily modified (vs sweet-suite mirror 55aaa8a: scheduler.rake churn 367%),none,spec/lib/tasks/scheduler_spec.rb,agent: scheduler_spec covers dispatch. Checking the live Cloud Scheduler trigger needs a human with gcloud,none (read-only),8,"yes: age, consent or guardian data",commented-out code,"AGENT-REPORTED: static read by an inventory agent; citations bounds-checked, content not re-read by the author",,,
SYS-02,"Background jobs, mail & platform services","Resque worker pool and queues (priority/default/slow/whenever), graceful SIGTERM requeue, per-job cache reset",system,none (background),bin/docker-worker-entrypoint:11-65. lib/worker.rb:8-32 (clear_request_thread_caches resets the PiiScrubber blocklist). lib/slow_worker.rb:8-12,heavily modified (vs sweet-suite mirror 55aaa8a: worker.rb churn 36%; slow_worker.rb churn 114%; resque.rake churn 0%; docker-worker-entrypoint absent),none,spec/lib/worker_spec.rb; spec/lib/worker_sigterm_requeue_spec.rb,agent: specs cover the cache clear and the requeue,destructive,8,yes: audit or compliance records,,"AGENT-REPORTED: static read by an inventory agent; citations bounds-checked, content not re-read by the author",,,
SYS-03,"Background jobs, mail & platform services","Transactional email delivery pipeline (SES, priority queue, per-user channels, email_disabled, configuration-set tagging)",system,none (background),"app/mailers/concerns/general.rb:4-35 (mail_message, schedule_delivery on the :priority queue, SES InvalidParameterValue swallowed). config/initializers/amazon_ses.rb:15-47. app/models/concerns/notifiable.rb:11-23 (channels_for honours email_disabled)",heavily modified (vs sweet-suite mirror 55aaa8a: general.rb churn 11%; amazon_ses.rb churn 132%; notifiable.rb churn 0%; mailer_helper.rb churn 110%),none,spec/initializers/ses_configuration_set_interceptor_spec.rb; spec/mailers/user_mailer_spec.rb,human: real inbox delivery through SES,external-send,0,yes: account identity or contact details,dead or orphaned route or code,"AGENT-REPORTED: static read by an inventory agent; citations bounds-checked, content not re-read by the author",,,
SYS-04,"Background jobs, mail & platform services",Admin-edited system email templates applied at send time,system,app/frontend/app/templates/system-settings/email-edit.hbs (system settings > emails),"app/mailers/concerns/system_email_override.rb:4-41 (SystemEmailTemplates.lookup, SystemEmailTemplateSecurity.validate!). Registry: lib/system_email_registry.rb",LingoLinq-new (vs sweet-suite mirror 55aaa8a: system_email_override.rb absent; system_email_registry.rb absent; system_email_templates.rb absent; system_email_template_security.rb absent),none,spec/mailers/user_mailer_spec.rb; spec/lib/system_email_templates_spec.rb; spec/lib/system_email_template_security_spec.rb,both: specs cover rendering. A human checks the delivered email,external-send,8,no,,"AGENT-REPORTED: static read by an inventory agent; citations bounds-checked, content not re-read by the author",,,
SYS-05,"Background jobs, mail & platform services","Account emails: welcome/confirm registration, new-registration admin alert, password changed, email changed (new and prior address), forgot password, login help, valet login enabled/used",communicator; supervisor-SLP; system,"signup/login/forgot password: app/frontend/app/templates/forgot_password.hbs, forgot-login.hbs. Profile edit (password/email)","UserMailer (user_mailer.rb:32-93, 280-289). Triggers: session_controller.rb:997-998; api/users_controller.rb:350-351, 848-850; user.rb:4119-4143 (notify_of_changes, writes AuditEvent password_changed); passwords.rb:216, 229",heavily modified (vs sweet-suite mirror 55aaa8a: user_mailer.rb churn 90%; user.rb churn 156%; passwords.rb churn 20%; users_controller.rb churn 76%; session_controller.rb churn 115%),none,spec/mailers/user_mailer_spec.rb,human: email delivery,external-send,0,yes: account identity or contact details; location,TODO or FIXME in code,"AGENT-REPORTED: static read by an inventory agent; citations bounds-checked, content not re-read by the author",,,
SYS-06,"Background jobs, mail & platform services","Consent emails: COPPA parental consent request/confirmation/revoked, COPPA offboarding export notice, EU AI parental consent request/confirmation/revoked",communicator; system,registration (under-age path) and the parental consent pages. The UI rows belong to other areas,"UserMailer (user_mailer.rb:293-500). schedule_parent_consent_delivery (user_mailer.rb:18-26). Triggers: api/users_controller.rb:952, 1257; parental_consents_controller.rb:32, 89; eu_ai_parental_consents_controller.rb:18, 36; session_controller.rb:1001; user.rb:676, 726, 936",heavily modified (vs sweet-suite mirror 55aaa8a: user_mailer.rb churn 90%; user.rb churn 156%; parental_consents_controller.rb absent; eu_ai_parental_consents_controller.rb absent),none,spec/mailers/user_mailer_spec.rb; spec/controllers/parental_consents_controller_spec.rb; spec/models/user_org_offboarding_consent_spec.rb,human: a parent inbox has to receive the email and the links have to work,destructive; external-send,0,"yes: account identity or contact details; age, consent or guardian data; credentials or tokens",,"AGENT-REPORTED: static read by an inventory agent; citations bounds-checked, content not re-read by the author",,,
SYS-07,"Background jobs, mail & platform services","Supervisor/team notification emails: supervisor access request/approved/revoked, new team message, lesson assigned, org sponsorship added/removed",communicator; supervisor-SLP; org-admin,"supervisor request and approval flows, log messages, org lessons. The UI belongs to other areas","SupervisorMailer (supervisor_mailer.rb:8-65) via supervisor_consent_service.rb:87, 97-107, 146, 269-278 (after commit). UserMailer.log_message user.rb:4210. lesson_assigned lesson.rb:295. organization_assigned subscription.rb:150. organization_unassigned is sent 12h later via RemoteAction (subscription.rb:107, remote_action.rb:8-10)",heavily modified (vs sweet-suite mirror 55aaa8a: user_mailer.rb churn 90%; remote_action.rb churn 0%; supervisor_mailer.rb absent; supervisor_consent_service.rb absent),none,spec/mailers/supervisor_mailer_spec.rb; spec/mailers/user_mailer_spec.rb,human: email delivery,destructive; external-send,4,yes: user data,dead or orphaned route or code,"AGENT-REPORTED: static read by an inventory agent; citations bounds-checked, content not re-read by the author",,,
SYS-08,"Background jobs, mail & platform services",Onboarding 'Checking In' usage reminder email (5-10 days after signup),communicator; supervisor-SLP,none (background),"User.check_for_subscription_updates subscription.rb:1160-1177, then UserMailer.usage_reminder user_mailer.rb:227-239 (only if full_domain_enabled)",heavily modified (vs sweet-suite mirror 55aaa8a: subscription.rb churn 1%; user_mailer.rb churn 90%),"none (domain setting full_domain, general.rb:15-17)",spec/models/concerns/subscription_spec.rb; spec/mailers/user_mailer_spec.rb,human: email delivery after a waiting period,external-send,1,no,,"AGENT-REPORTED: static read by an inventory agent; citations bounds-checked, content not re-read by the author",,,
SYS-09,"Background jobs, mail & platform services","Subscription and billing emails (purchase confirmed, expiring in 1 month/3 months/1 week/1 day, expired, gifts, premium symbols, chargeback/new-subscription/unsubscribe admin alerts)",communicator; supervisor-SLP; system,purchase/subscription flows (other areas). Expiry notices are background,"SubscriptionMailer (subscription_mailer.rb:8-153). Triggers subscription.rb:302, 531-570, 1086-1143, 1295; gift_purchase.rb:75-76; lib/purchasing.rb:158",upstream sweet-suite (vs sweet-suite mirror 55aaa8a: subscription_mailer.rb churn 4%; subscription.rb churn 1%; gift_purchase.rb churn 2%; purchasing.rb churn 10%),"subscriptions (code: ENABLED_FRONTEND_FEATURES, feature_flags.rb:117)",spec/mailers/subscription_mailer_spec.rb; spec/models/concerns/subscription_spec.rb,human: payment and email delivery,destructive; external-send,8,no,dead or orphaned route or code,ASSUMED: the row text itself marks part of the claim as inferred or not verified,,,
SYS-10,"Background jobs, mail & platform services","Admin inbox emails: Contact Us message, beta feedback, user opt-out/deletion",system,Contact form / beta feedback (other areas),"AdminMailer admin_mailer.rb:8-41. Triggers contact_message.rb:34-36, 277; user.rb:4140-4142; api/users_controller.rb:485",heavily modified (vs sweet-suite mirror 55aaa8a: admin_mailer.rb churn 79%; contact_message.rb churn 114%),none,spec/mailers/admin_mailer_spec.rb,human: admin inbox delivery,destructive; external-send,8,yes: account identity or contact details,,"AGENT-REPORTED: static read by an inventory agent; citations bounds-checked, content not re-read by the author",,,
SYS-11,"Background jobs, mail & platform services",Inactive-account deletion warnings and automatic deletion,communicator; supervisor-SLP; system,none (background),"subscription.rb:1180-1245. Accounts idle 12 months, or expired trials idle 4+ weeks, get a deletion_warning mail (up to 2 attempts, 3+ weeks apart), then schedule_deletion_at +36h and an account_deleted mail",heavily modified (vs sweet-suite mirror 55aaa8a: subscription.rb churn 1%; subscription_mailer.rb churn 4%; flusher.rb churn 131%),none,spec/models/concerns/subscription_spec.rb; spec/mailers/subscription_mailer_spec.rb,agent: time-travel specs,destructive,8,yes: user data,,"AGENT-REPORTED: static read by an inventory agent; citations bounds-checked, content not re-read by the author",,,
SYS-12,"Background jobs, mail & platform services",Org data-retention policy enforcement (purge sponsored users' logs older than retention_months),org-admin; system,org data policy settings (other area). Enforcement runs in the background,"lib/data_policy_enforcer.rb:20-41, daily from scheduler.rake:172-184",heavily modified (vs sweet-suite mirror 55aaa8a: scheduler.rake churn 367%; data_policy_enforcer.rb absent),"none (active only for orgs with data_policy_version>0, data_policy_enforcer.rb:22)",spec/lib/data_policy_enforcer_spec.rb,agent: spec,destructive,7,yes: communicator usage logs or utterances; clinical or evaluation data,,"AGENT-REPORTED: static read by an inventory agent; citations bounds-checked, content not re-read by the author",,,
SYS-13,"Background jobs, mail & platform services",Orphan/leftover retention sweep with retention_flush audit events,system,none (background),"Flusher.flush_leftovers flusher.rb:56-221 (orphan join rows, progresses, prediction entries, SMS consents and invites; AuditEvents planned/completed). Scheduled from scheduler.rake:163-170",heavily modified (vs sweet-suite mirror 55aaa8a: flusher.rb churn 131%),none,spec/lib/flusher_spec.rb,agent: spec,destructive; external-send,8,"yes: age, consent or guardian data; audit or compliance records",dead or orphaned route or code,"AGENT-REPORTED: static read by an inventory agent; citations bounds-checked, content not re-read by the author",,,
SYS-14,"Background jobs, mail & platform services","Version history and deleted-board retention (limits on PaperTrail rollback, 300-day deleted-board restore window, 2-week JobStash)",communicator; supervisor-SLP; system,board history/rollback and deleted-board restore UIs (other areas),"User.flush_old_versions user.rb:4534-4545 (LogSession >1wk, User >1mo, Board >6mo, only when >300 rows). DeletedBoard.flush_old_records deleted_board.rb:63-73. JobStash.flush_old_records job_stash.rb:8-10. Operator task db:prune_versions (all versions >30d) db_maintenance.rake:1-7",heavily modified (vs sweet-suite mirror 55aaa8a: user.rb churn 156%; deleted_board.rb churn 5%; job_stash.rb churn 3%; paper_trail.rb churn 0%; db_maintenance.rake absent),none,spec/models/deleted_board_spec.rb,agent: deleted_board_spec,destructive,2,yes: communicator usage logs or utterances; audit or compliance records,TODO or FIXME in code,"AGENT-REPORTED: static read by an inventory agent; citations bounds-checked, content not re-read by the author",,,
SYS-15,"Background jobs, mail & platform services",Expire stale supervisor access requests,supervisor-SLP; system,none (background),"app/workers/supervisor_consent_expiration_worker.rb:4-8, then SupervisorRelationship.expire_stale_requests! supervisor_relationship.rb:66-70 (scope :32-35). Daily from scheduler.rake:231-234",LingoLinq-new (vs sweet-suite mirror 55aaa8a: supervisor_consent_expiration_worker.rb absent; supervisor_relationship.rb absent),none,spec/workers/supervisor_consent_expiration_worker_spec.rb; spec/models/supervisor_relationship_spec.rb,agent: spec,destructive,4,"yes: age, consent or guardian data",,ASSUMED: the row text itself marks part of the claim as inferred or not verified,,,
SYS-16,"Background jobs, mail & platform services","COPPA offboarding sweep: export the account, email the parent, then schedule deletion",system,none (background). Starts from a parental decline or an expired offboarding consent,"app/workers/offboarding_coppa_expiration_worker.rb:1-60 (modes disabled/report/run). User#schedule_offboarding_export_then_delete! user.rb:880-940 (Exporter.export_user, schedule_deletion_at +36h, AuditEvent, parental_consent_offboarding_export mail). Failure path user.rb:941-1000",heavily modified (vs sweet-suite mirror 55aaa8a: user.rb churn 156%; exporter.rb churn 11%; user_mailer.rb churn 90%; offboarding_coppa_expiration_worker.rb absent),"env COPPA_OFFBOARDING_SWEEP_ENABLED (default :disabled, offboarding_coppa_expiration_worker.rb:42-48)",spec/workers/offboarding_coppa_expiration_worker_spec.rb; spec/models/user_org_offboarding_consent_spec.rb,"both: agent for specs, human for the parent receiving the export email",destructive; external-send,7,"yes: age, consent or guardian data; audit or compliance records",,"AGENT-REPORTED: static read by an inventory agent; citations bounds-checked, content not re-read by the author",,,
SYS-17,"Background jobs, mail & platform services",License seat expiry releases the user and starts family COPPA offboarding,org-admin; system,none (background),"License.expire_stale_licenses! license.rb:43-65+, daily from scheduler.rake:251-254",LingoLinq-new (vs sweet-suite mirror 55aaa8a: license.rb absent),none,spec/lib/tasks/scheduler_spec.rb; spec/models/user_org_offboarding_consent_spec.rb,agent: specs,destructive,7,"yes: age, consent or guardian data",,"AGENT-REPORTED: static read by an inventory agent; citations bounds-checked, content not re-read by the author",,,
SYS-18,"Background jobs, mail & platform services","Audio/video transcoding (AWS MediaConvert) of recordings, plus a daily retry",communicator; supervisor-SLP,record a button sound / video (other areas),"MediaObject#schedule_transcoding media_object.rb:79-94 (after_save :194). Transcoder.convert_audio/convert_video transcoder.rb:72-90 (skipped unless configured? :9-11). Completion via SNS api/callbacks_controller.rb:26-37, Transcoder.handle_event :13. Daily retry button_sound.rb:126-146",heavily modified (vs sweet-suite mirror 55aaa8a: transcoder.rb churn 405%; media_object.rb churn 269%; button_sound.rb churn 15%; callbacks_controller.rb churn 15%),"audio_recordings / video_recording (code: ENABLED_FRONTEND_FEATURES, feature_flags.rb:117-120). Not read at the transcoder",spec/lib/transcoder_spec.rb; spec/models/button_sound_spec.rb; spec/models/concerns/media_object_spec.rb,human: playback of a transcoded recording on a device,external-send,2,yes: audio or video recordings,flag never read,"AGENT-REPORTED: static read by an inventory agent; citations bounds-checked, content not re-read by the author",message-banking-own-voice,,
SYS-19,"Background jobs, mail & platform services","S3 media storage: presigned uploads, signed download URLs, CDN invalidation, deferred 24h remote removal",communicator; supervisor-SLP; system,image/sound/video upload UIs (other areas),"lib/uploader.rb:46-80 (remote_upload), :119 (invalidate_cdn), :197-216 (remote_remove_later / remote_remove_batch, hourly from scheduler.rake:123-127), :415-453 (signed URLs), :484-530 (remote_upload_params, private_upload)",heavily modified (vs sweet-suite mirror 55aaa8a: uploader.rb churn 116%; uploadable.rb churn 89%; remote_action.rb churn 0%),none,spec/lib/uploader_spec.rb; spec/models/concerns/uploadable_spec.rb,agent: specs. A human checks media loads,destructive; external-send,2,yes: audio or video recordings,,"AGENT-REPORTED: static read by an inventory agent; citations bounds-checked, content not re-read by the author",aws-s3-baa,,
SYS-20,"Background jobs, mail & platform services","Deferred RemoteAction queue (weekly stats refresh, badge checks, org-unassigned mail, button set upload, supervisor sync, S3 deletes)",system,none (background),RemoteAction#process_action remote_action.rb:2-50. Processed hourly by Uploader.remote_remove_batch uploader.rb:202-216 (scheduler.rake:123-127). Also Worker.process_queues worker.rb:76-79,heavily modified (vs sweet-suite mirror 55aaa8a: remote_action.rb churn 0%; uploader.rb churn 116%; worker.rb churn 36%),none,spec/models/remote_action_spec.rb; spec/lib/uploader_spec.rb,agent: spec,destructive; external-send,8,no,,"AGENT-REPORTED: static read by an inventory agent; citations bounds-checked, content not re-read by the author",,,
SYS-21,"Background jobs, mail & platform services","Weekly stats rollups (WeeklyStatsSummary) that feed reports, trends and badges",communicator; supervisor-SLP; org-admin,none (background). Feeds the reports UI (other area),"LogSession#schedule_summary log_session.rb:917-927. WeeklyStatsSummary.schedule_update_for weekly_stats_summary.rb:172-190, update_now :192-195, update_for :197. lib/stats.rb",upstream sweet-suite (vs sweet-suite mirror 55aaa8a: weekly_stats_summary.rb churn 0%; log_session.rb churn 12%; stats.rb churn 6%),none,spec/models/weekly_stats_summary_spec.rb; spec/lib/stats_spec.rb,agent: specs,writes,5,yes: communicator usage logs or utterances,,"AGENT-REPORTED: static read by an inventory agent; citations bounds-checked, content not re-read by the author",,,
SYS-22,"Background jobs, mail & platform services",Log location clustering (geo and IP clusters for reports),communicator; supervisor-SLP,none (background),"LogSession#schedule_clustering log_session.rb:898-911, then ClusterLocation.add_to_cluster cluster_location.rb:224",upstream sweet-suite (vs sweet-suite mirror 55aaa8a: cluster_location.rb churn 10%; log_session.rb churn 12%),none,spec/models/cluster_location_spec.rb,agent: spec,writes,5,yes: location,,"AGENT-REPORTED: static read by an inventory agent; citations bounds-checked, content not re-read by the author",,,
SYS-23,"Background jobs, mail & platform services",HubSpot lead tracking for new supporter accounts (ExternalTracker),supervisor-SLP; system,none (background). Triggered at signup,"ExternalTracker.track_new_user external_tracker.rb:5-10, persist_new_user :12-60 (iplocate.io lookup). Called from api/users_controller.rb:352, session_controller.rb:999, parental_consents_controller.rb:40",heavily modified (vs sweet-suite mirror 55aaa8a: external_tracker.rb churn 111%),"none (skips communicators, org-managed users and cookie opt-outs, external_tracker.rb:5-8. Needs HUBSPOT_ACCESS_TOKEN)",spec/lib/external_tracker_spec.rb,agent: spec,external-send,0,yes: account identity or contact details; location,,"AGENT-REPORTED: static read by an inventory agent; citations bounds-checked, content not re-read by the author",,,
SYS-24,"Background jobs, mail & platform services",Outbound webhooks and remote log push (integrations and 'research' listeners),communicator; system,app connections in the profile (app/frontend/app/templates/user/edit.hbs:555 delete_webhook). Push is background,"Webhook.notify_all_with_code webhook.rb:71-96, notify :121-175 (SafeHttp.post :163). Hourly LogSession.push_logs_remotely log_session.rb:1987-1995. additional_webhook_record_codes adds 'research' for allow_research logs (log_session.rb:1997-2009)",upstream sweet-suite (vs sweet-suite mirror 55aaa8a: webhook.rb churn 12%; log_session.rb churn 12%; notifier.rb churn 0%),"app_connections (code: ENABLED_FRONTEND_FEATURES, feature_flags.rb:119). Not read here",spec/models/webhook_spec.rb; spec/models/concerns/notifier_spec.rb,agent: specs plus a test endpoint,external-send,8,yes: communicator usage logs or utterances,TODO or FIXME in code; flag never read,"AGENT-REPORTED: static read by an inventory agent; citations bounds-checked, content not re-read by the author",,,
SYS-25,"Background jobs, mail & platform services","In-app notification feed fan-out (messages, home board changed, board buttons changed, org removed, utterance shared, badges)",communicator; supervisor-SLP,notifications on the dashboard (other area),"Notifier#notify notifier.rb:8-18, then Webhook.notify_all_with_code webhook.rb:71-96, then User#handle_notification add_user_notification (user.rb:4190-4271)",heavily modified (vs sweet-suite mirror 55aaa8a: notifier.rb churn 0%; user.rb churn 156%; webhook.rb churn 12%),none,spec/models/concerns/notifier_spec.rb; spec/models/concerns/notifiable_spec.rb,agent: specs,destructive; external-send,4,yes: user data,,"AGENT-REPORTED: static read by an inventory agent; citations bounds-checked, content not re-read by the author",,,
SYS-26,"Background jobs, mail & platform services",Duplicate log session merging (hourly),communicator; supervisor-SLP,none (background),LogSession.check_possible_mergers log_session.rb:1601-1640+ (scheduler.rake:129-132),upstream sweet-suite (vs sweet-suite mirror 55aaa8a: log_session.rb churn 12%),none,spec/models/log_session_spec.rb,agent: spec,none (read-only),5,yes: communicator usage logs or utterances,commented-out code,"AGENT-REPORTED: static read by an inventory agent; citations bounds-checked, content not re-read by the author",,,
SYS-27,"Background jobs, mail & platform services","Board downstream processing (button set rebuild for search/offline, linked-board tracking)",communicator; supervisor-SLP,none (background). Triggered by board save or copy,"BoardDownstreamButtonSet.update_for board_downstream_button_set.rb:424-520 (scheduled from board.rb:1303-1332, remote_action.rb:11-13). track_downstream_boards! upstream_downstream.rb:5 (board_set_copier.rb:181, 201, 215)",heavily modified (vs sweet-suite mirror 55aaa8a: board_downstream_button_set.rb churn 11%; upstream_downstream.rb churn 0%; board.rb churn 50%; board_set_copier.rb absent),none,spec/models/board_downstream_button_set_spec.rb; spec/models/concerns/upstream_downstream_spec.rb,agent: specs,writes,2,no,,CONFIRMED: cited lines re-read against the code by the author,,,
SYS-28,"Background jobs, mail & platform services",Utterance share preview image (SentencePic via a hardened ImageMagick runner),communicator,none (background). Runs after an utterance is saved,"Utterance after_save :generate_preview_later utterance.rb:14, generate_preview :49. lib/sentence_pic.rb:43-56. lib/image_magick_runner.rb",heavily modified (vs sweet-suite mirror 55aaa8a: sentence_pic.rb churn 52%; utterance.rb churn 7%; image_magick_runner.rb absent),none,spec/lib/sentence_pic_spec.rb; spec/lib/image_magick_runner_spec.rb,human: visual check,writes,3,no,,"AGENT-REPORTED: static read by an inventory agent; citations bounds-checked, content not re-read by the author",,,
SYS-29,"Background jobs, mail & platform services",SVG sanitization of uploaded or data-URI button images,communicator; supervisor-SLP,image upload (other area),"ButtonImage button_image.rb:174-184. Uploadable uploadable.rb:123, 249-255. lib/svg_sanitizer.rb",heavily modified (vs sweet-suite mirror 55aaa8a: button_image.rb churn 66%; uploadable.rb churn 89%; svg_sanitizer.rb absent),none,spec/lib/svg_sanitizer_spec.rb,agent: spec,writes,2,no,,"AGENT-REPORTED: static read by an inventory agent; citations bounds-checked, content not re-read by the author",,,
SYS-30,"Background jobs, mail & platform services","SSRF-guarded outbound HTTP (SafeHttp) for image-by-URL, imports, zips and webhooks",system,none (background),"lib/safe_http.rb. Callers: api/search_controller.rb:280, uploader.rb:96-98 and :576, exporter.rb:531, converters/utils.rb:118, webhook.rb:163",LingoLinq-new (vs sweet-suite mirror 55aaa8a: safe_http.rb absent),none,spec/lib/safe_http_spec.rb,agent: spec,external-send,2,no,,"AGENT-REPORTED: static read by an inventory agent; citations bounds-checked, content not re-read by the author",,,
SYS-31,"Background jobs, mail & platform services","AuditEvent immutable audit trail (consent, deletion, password, masquerade, DB reads, licenses, SMS consent, retention)",system,none (API/background only),"app/models/audit_event.rb:1-52 (secure_serialize, attr_readonly, best-effort log_command with Sentry alert). Written from about 47 call sites incl. application_controller.rb:532, api/database_contents_controller.rb:99, flusher.rb:183-242 and :496, sms_consent.rb:49, user.rb:4128",heavily modified (vs sweet-suite mirror 55aaa8a: audit_event.rb churn 256%),none,spec/models/audit_event_spec.rb,agent: spec,destructive; external-send,8,yes: communicator usage logs or utterances; audit or compliance records,,"AGENT-REPORTED: static read by an inventory agent; citations bounds-checked, content not re-read by the author",,,
SYS-32,"Background jobs, mail & platform services","Audited operator console (bin/audit_console, ConsoleGuard, PaperTrail whodunnit)",system,bin/audit_console (operator shell),bin/audit_console:40-55. lib/audit/console_guard.rb:56+ (enforce_pre_boot!). config/initializers/auditing.rb:25-47,heavily modified (vs sweet-suite mirror 55aaa8a: auditing.rb churn 234%; audit_console absent; console_guard.rb absent),none,spec/lib/audit/console_guard_spec.rb,human: needs a production shell,none (read-only),8,yes: communicator usage logs or utterances; audit or compliance records,,"AGENT-REPORTED: static read by an inventory agent; citations bounds-checked, content not re-read by the author",,,
SYS-33,"Background jobs, mail & platform services",Production log PII scrubbing (PiiScrubbingFormatter),system,none (background),lib/pii_scrubbing_formatter.rb:22-26 (PiiScrubber.scrub_log_line). Wired at config/environments/production.rb:107-109,heavily modified (vs sweet-suite mirror 55aaa8a: production.rb churn 45%; pii_scrubbing_formatter.rb absent; pii_scrubber.rb absent),none,spec/lib/pii_scrubbing_formatter_spec.rb,agent: spec,none (read-only),8,yes: communicator usage logs or utterances,,"AGENT-REPORTED: static read by an inventory agent; citations bounds-checked, content not re-read by the author",,,
SYS-34,"Background jobs, mail & platform services",Server-side at-rest field encryption (secure_serialize) on about 40 models,system,none (background),"app/models/concerns/secure_serialize.rb:1-4 (GoSecure::SerializeInstanceMethods). Adopted by user, log_session, board, audit_event, button_sound, utterance and others",upstream sweet-suite (vs sweet-suite mirror 55aaa8a: secure_serialize.rb churn 0%),none,spec/models/concerns/secure_serialize_spec.rb,agent: spec,none (read-only),8,yes: user data,,"ASSUMED: key management (SECURE_ENCRYPTION_KEY) lives in the GoSecure gem, not opened",encryption-at-rest-serverside,,
SYS-35,"Background jobs, mail & platform services",LingoLinq::Jurisdiction primitive (EU country detection for the GDPR Art.8 consent age),system,none (background). Used at registration,"app/models/lingo_linq/jurisdiction.rb:1-40+ (EU_COUNTRY_CODES, country_code)",LingoLinq-new (vs sweet-suite mirror 55aaa8a: jurisdiction.rb absent),none,spec/models/lingo_linq/jurisdiction_spec.rb; spec/models/organization_jurisdiction_spec.rb,agent: spec,none (read-only),0,"yes: age, consent or guardian data",,"AGENT-REPORTED: static read by an inventory agent; citations bounds-checked, content not re-read by the author",jurisdiction-primitive,,
SYS-36,"Background jobs, mail & platform services","Compliance kernel (segment, jurisdiction, digital-consent-age profile, framework merge)",system,none (background),"lib/compliance.rb:7-18. lib/compliance/profile.rb:10, jurisdiction_resolver.rb:17, digital_consent_age.rb:65-100, segment_resolver.rb:14, framework_merge.rb:11-35",heavily modified (vs sweet-suite mirror 55aaa8a: profile.rb churn 500% (moved from lib/json_api/profile.rb); compliance.rb absent; jurisdiction_resolver.rb absent; digital_consent_age.rb absent; segment_resolver.rb absent; framework_merge.rb absent),"compliance_workflow_kernel (code: AVAILABLE only, off; lib/feature_flags.rb:103-108), read at feature_flags.rb:270-273 via Compliance.enabled? compliance.rb:10-12",spec/lib/compliance_spec.rb,agent: spec,none (read-only),0,"yes: age, consent or guardian data",,"AGENT-REPORTED: static read by an inventory agent; citations bounds-checked, content not re-read by the author",jurisdiction-primitive,,
SYS-37,"Background jobs, mail & platform services",Art.50(2) AI-output marking audit (operator rake task),system,rake compliance:article_50_marking_audit (operator),"lib/tasks/compliance.rake:5-40, then Art50MarkingAudit.run",LingoLinq-new (vs sweet-suite mirror 55aaa8a: compliance.rake absent; art50_marking_audit.rb absent),none,spec/lib/art50_marking_audit_spec.rb,agent: spec,external-send,6,no,,CONFIRMED: cited lines re-read against the code by the author,art50-2-output-marking,,
SYS-38,"Background jobs, mail & platform services","Route hygiene: routes in the Excluded routes table (dead resource defaults, unused framework routes) answer with a 4xx",anonymous; system,none (direct HTTP request),"config/routes.rb (see docs/alpha/feature-inventory.md, Excluded routes)",upstream sweet-suite (most dead defaults exist in the mirror router; see Excluded routes),none,NONE,agent: request each excluded route in a test environment and assert a 4xx,none (read-only),8,no,dead or orphaned route or code,ASSUMED: expected responses come from static reading; not executed,,,
